dbid,reftype,reftypeminor,description0,description1,description2,description3,inv0,inv1,inv2,inv3,inv7,inv9,inv10,inv11,inv12,inv13,inv14,inv15,inv16,inv19,inv24,inv25,inv26,inv27,inv29
1303,10000,10010,骨を模して作られた矛。ボーン製ではない。噛み噛みすることでストレスを解消したり、おやつとして食べることができる。武器としては戦斧のような使い方になる。\n#～イルヴァ幻想辞典～,,,骨っぽい戦斧だ。\n#～鑑定報告書：＜秘宝＞カテゴリ～,1,50000,1280,1303,11000,,1,45,10,21,,,102,,35,,,,500
1302,24000,24030,金毛九尾が体毛を変化させて作った金色の葉っぱ。特殊な妖気が込められており、爆発する。対になる銀色の葉っぱを揃えて祠に行くと森の守り神が出現する、という伝説が残っている。\n#～イルヴァ幻想辞典～,「おぬしにハッパをかけてやろうぞ…ドカーン！」\n#～金毛九尾の言葉～,,爆発する葉っぱだ。\n#～鑑定報告書：＜秘宝＞カテゴリ～,1,50000,1279,1302,50,,1,6,3,19,,,111,,32,,,,500
1301,24000,24030,謎の古めかしい紙。秘伝の魔術と特殊繊維が編み込まれており、投擲暗器として使える程度の強度を持つ。しかし真の能力は別にあり、魔法紙を操る古の魔術の習得者だけがそれを解放できるとされている。\n#～イルヴァ幻想辞典～,,,何度でも使用することができる。投擲用武器にもなる。\n#～鑑定報告書：＜秘宝＞カテゴリ～,1,120000,1278,1301,600,,1,30,15,,30,,111,149,16,,,,500
1186,16000,16003,かつて世界征服を目論んだ秘密組織によって開発された。高性能な潜入用アイテムであり、当時の世界中のあらゆる組織の制服に自在に変化する。現在はわずかに発掘されたものが職人の手で修復されて残っている程度。ナノマシン制御装置の劣化などにより、変化できる形態がとても少なくなっている。\n#～イルヴァ幻想辞典～,,,使うと見た目が変わる服だ。何度でも使用することができる。\n#～鑑定報告書：＜秘宝＞カテゴリ～,1,32000,1134,1186,900,,,,,,76,32,,109,45,,,,500
1185,16000,16001,魔法アイテム発明家の作品。竹鎧を使いこなしている騎士を見て、竹の可能性に気付いたとのこと。一から設計を行い、上質な竹を割って作り、高級塗料でコーティングし、魔法で何度も強化したそれは、防具を超えた一級芸術品となった。後に、アイディアをくれた騎士に進呈しようとしたところ、なぜか複雑そうな笑顔を浮かべて丁重にお断りされたという。\n#～イルヴァ幻想辞典～,,,カランカランうるさい竹のアーマーだ。\n#～鑑定報告書：＜秘宝＞カテゴリ～,1,35000,442,1185,3000,,,,,,43,84,,,44,,,,500
1184,10000,10002,邪を祓う為に更に強大な邪を用いる、という考えから生み出された黒の剣。これには分身ともいうべく剣が世界を越えて複数存在し、それぞれ姿や能力が微妙に異なるという。\n#～イルヴァ幻想辞典～,,,兄弟剣が存在するといわれる長剣だ。\n#～鑑定報告書：＜秘宝＞カテゴリ～,1,60000,1135,1184,3000,,3,12,5,8,-2,6,100,,20,,,,500
1183,10000,10007,自由と独立を象徴する伝説の竹槍。ふさわしき者が手にすれば、ニンジャを一突きで殺すどころか、爆撃機すらも撃墜し、神をも殺せるという。\n#～イルヴァ幻想辞典～,,,竹でできた長槍だ。\n#～鑑定報告書：＜秘宝＞カテゴリ～,1,40000,1136,1183,1700,,3,13,15,-20,,,104,,44,,,,500
1182,10000,10002,カルパの針。カルパとはひとつの世界が誕生し消滅するまでの時間。膨大な時の流れが刃の表面を伝っている。神力を込めて振るえば時空を切り裂くことが可能であり、移動手段にも使われている。\n#～叡智の書～,,,長剣として使える長針だ。\n#～鑑定報告書：＜秘宝＞カテゴリ～,1,60000,52,1182,600000,,1,60,,,,,100,,8,,,,500
1171,24000,24030,成分は普通のエビフライとほぼ変わりないのだが、エビフライ・エフェクトと呼ばれる現象を引き起こし、色々あって爆発する危険物。空中散布されると、ミサイルのように飛んでいったり地雷のように残ったりする。見た目に興味を持った子供が犠牲になりやすく、「悪魔の兵器」の別称でも知られている。\n#～イルヴァ幻想辞典～,,「エビフライ５本くらいぶつけんぞ」\n#～混乱する店員の言葉～,爆発するエビフライだ。手榴弾として使える。\n#～鑑定報告書：＜秘宝＞カテゴリ～,1,30000,1185,1171,300,,1,9,,17,,,111,,35,,,,500
1170,10000,10002,柄のような形の杏仁豆腐に、細長くて発光して貫通力のある杏仁豆腐を着けた杏仁豆腐。切れ味はライトセーバーにやや劣る。\n#～イルヴァ幻想辞典～,,,ライトセーバーの形をした杏仁豆腐。長剣として装備可能。\n#～鑑定報告書：＜秘宝＞カテゴリ～,1,4000,671,1170,800,,2,4,4,,,,100,,35,,,,500
1169,10000,10011,カニが自らのハサミに似せて作りだした巨大な第三の手。捕食した生物の殻と擬似筋肉で構成されており、神経接続によって動かすらしい。カニのハサミのようでカニのハサミでない存在。\n#～イルヴァ幻想辞典～,,,カニっぽい鋏鎌だ。\n#～鑑定報告書：＜秘宝＞カテゴリ～,1,20000,1184,1169,4500,,3,9,10,32,,,107,,35,,,,500
1168,10000,10003,忍者の一流派に伝わる、特殊な飛苦無。手に入れるには吹雪の山中で試練を突破する必要があるらしい。まとめて投げる分当たりやすいが、かさばって重い。当たった者のＳＰを奪う力がある。\n#～イルヴァ幻想辞典～,,,五本一組の苦無だ。\n#～鑑定報告書：＜秘宝＞カテゴリ～,1,35000,1180,1168,2000,,4,5,5,50,,,101,,10,,,,500
1167,10000,10002,ある嵐の日、稲妻と共に天から降ってきたという細剣。生み出した電気を細かく操れるのが特徴。刀身に蓄えて電撃を放つのは勿論、負担は大きいが使用者に流して反応速度を無理矢理高めることさえ可能。\n#～イルヴァ幻想辞典～,,,電気を操る細剣だ。\n#～鑑定報告書：＜秘宝＞カテゴリ～,1,40000,1153,1167,600,,1,24,3,15,,,100,,21,,,,500
1166,10000,10007,空陸海、あらゆる障害を突破し突き進むための万能ドリル。硬い岩盤や氷塊をたやすく粉砕し、水中潜航や飛行も可能。あとついでに冷凍砲も装備。\n#～イルヴァ幻想辞典～,,,天に轟く巨大な螺旋機だ。\n#～鑑定報告書：＜秘宝＞カテゴリ～,1,60000,1152,1166,59000,,6,16,,-18,,,104,,9,,,,500
1165,10000,10010,一般的なトマホークとはかけ離れた異形の投斧。ナノマシンによる軌道制御システムを搭載。自転するので、目標に命中しても勢いを失わない。逆に、手元に戻ってくる際には回転を落としてキャッチしやすくする。\n#～イルヴァ幻想辞典～,,,両刃の長大な投斧だ。\n#～鑑定報告書：＜秘宝＞カテゴリ～,1,55000,1181,1165,12000,,2,20,24,-10,-5,,102,,45,,,,500
1164,10000,10011,鳥人の職人が作ったとされる鎌であり、空中戦での使用も想定されている。細長いくちばしに似た二枚の刃を持つ。両刃なので引かずに押しつけても切れるし、挟み込んで対象を剪断することもできる。\n#～イルヴァ幻想辞典～,,,鳥のくちばしのような鋏鎌だ。\n#～鑑定報告書：＜秘宝＞カテゴリ～,1,50000,1149,1164,4000,,3,15,8,16,,,107,,25,,,,500
1163,10000,10006,遺跡から発見された仕込み錫杖。見た目によらずかなりのハイテク武装で、加熱したナノマシンの刃は凄まじい切れ味を誇る。視覚に頼らず扱えるように、輪の出す音にも工夫が施されている。\n#～イルヴァ幻想辞典～,,,高度な科学技術で作られた錫杖だ。\n#～鑑定報告書：＜秘宝＞カテゴリ～,1,51000,1145,1163,2000,,1,36,13,,,,105,,45,,,,500
1162,10000,10006,元々は、それぞれ異なる加護を受けた三本の棒だった。使い手だった三人の武人が死亡した後、共通の弟子の手によって加工され、一つなぎの節棍となった。様々な能力が強化されるが、噛みあっているかどうかは別。\n#～イルヴァ幻想辞典～,,,三位一体の三節棍だ。\n#～鑑定報告書：＜秘宝＞カテゴリ～,1,33000,1144,1162,3000,,3,13,9,12,3,3,105,,7,,,,500
1161,24000,24003,闇の犯罪組織で作られた炎弩。電磁誘導で矢弾を加速して撃ち出し、通電時の余剰熱を利用して発火させるらしい。構造が不完全であり、交差部がバチバチ光ったりする。その時はとても危険なので触らないように。\n#～イルヴァ幻想辞典～,,,不完全な機械仕掛けの炎弩だ。\n#～鑑定報告書：＜秘宝＞カテゴリ～,1,45000,1142,1161,6200,,2,32,5,-2,,,109,,12,,,,500
1160,10000,10004,洗っても臭いが落ちない、基礎スペックは半年物に匹敵、などとマニアの間では高評価。着用者は異臭に気づいた時点で捨てているが、保護という名目でそれが回収されて、裏市場に出回っている。\n#～イルヴァ幻想辞典～,,「これはただ臭いだけの品じゃないね。むせるほど染みついた汗からは、日々の努力を容易に感じとれるよ。…僕も頑張らないとね」\n#～ソックスソードマンの評価～,足袋と呼ばれるタイプの靴下だ。\n#～鑑定報告書：＜秘宝＞カテゴリ～,1,73000,1183,1160,300,,1,14,33,-2,,,103,,3,,,,500
1159,24000,24003,今は亡き弩砲職人の、晩年の作品。狙撃仕様の軽量バリスタ。職人の全知識を注いだ結果、狙撃銃と同等の射程を実現。貫通力と取り回し面も向上している。弩砲コレクター垂涎の逸品。\n#～イルヴァ幻想辞典～,,,狙撃型の弩砲だ。\n#～鑑定報告書：＜秘宝＞カテゴリ～,1,48000,927,1159,15000,,1,70,13,-15,-5,,109,,29,,,,500
1158,24000,24030,ヨミトノカケラ。冥界との通路を塞いでいた大岩の破片。何度取り換えても亡者どもが粉砕してしまうため、管理担当者は大変困っているらしい。\n#～イルヴァ幻想辞典～,,,巨大な岩の破片だ。\n#～鑑定報告書：＜秘宝＞カテゴリ～,1,38000,924,1158,30000,,1,99,15,5,-20,22,111,,20,,,,500
1157,24000,24003,毒蛇まみれの洞窟最奥に眠っていた。顔面への毒攻撃をコンセプトとした連弩のようで、矢の先端に飛び散る毒液を塗って連射する。毒が眼に入ると、激しい痛みを感じる。\n#～イルヴァ幻想辞典～,,,毒蛇をイメージした連弩だ。\n#～鑑定報告書：＜秘宝＞カテゴリ～,1,42000,595,1157,3800,,7,7,10,-5,,,109,,4,,,,500
1156,24000,24001,クイックリング族に伝わるショートボウ。普通の弓よりずっと小さいが、クイックリングにとってはこれぐらいで丁度いいらしい。魔法でカバーしているので、小さいながらも威力はある。\n#～イルヴァ幻想辞典～,,,とても小さな短弓だ。\n#～鑑定報告書：＜秘宝＞カテゴリ～,1,32000,1182,1156,200,,3,9,8,28,,,108,,44,,,,500
1154,10000,10003,忍びの世界に伝わるサバイバルナイフ。一本携行しておくと安心な多目的ツールとして、古来から重宝されていたようだ。\n#～明日から使えるあなたの為の武具集～,,,投げることにも適した忍者用の短剣だ。\n#～鑑定報告書：＜武器＞カテゴリ～,1,500,1154,1154,400,,4,3,3,8,,,101,,1000,,,,0
1153,10000,10002,レイピアから派生した細い剣。軽量化されており非力な者でも扱える。細くて頼りないが、鎧の隙間などを的確に狙うことで殺傷可能。剣先に力が加わると電気が流れるようになっている。\n#～明日から使えるあなたの為の武具集～,,,非常に軽くて細い剣だ。\n#～鑑定報告書：＜武器＞カテゴリ～,1,500,1153,1153,400,,1,11,2,6,,,100,,1000,,,,0
1152,10000,10007,回転する円錐螺旋状の機械。先端を突き刺すと、溝部分の刃が切り刻んで対象物を破砕する。古代の文献には、戦車や戦艦が地中に潜るのに使うという描写が散見される。\n#～明日から使えるあなたの為の武具集～,,,螺旋回転する刃を持つ槍だ。\n#～鑑定報告書：＜武器＞カテゴリ～,1,1200,1152,1152,15000,,6,6,,-8,,,104,,1000,,,,0
1151,10000,10007,馬の突進力に任せて突き刺すことを想定した設計の槍。突撃用であるため重く丈夫に作られており、乱戦には向いていない。馬から降りて使いたい場合は、重さと取り回しの悪さを腕力で解決する必要がある。\n#～明日から使えるあなたの為の武具集～,,,細長い円錐状の槍だ。\n#～鑑定報告書：＜武器＞カテゴリ～,1,900,1151,1151,5000,,3,3,8,,,,104,,1000,,,,0
1150,10000,10009,手ごろな斧。投げた時に上手く刺さるように、重心や柄の形状が調整されている。ただし、持ったまま斬りつける使用法がメインであることを忘れてはならない。\n#～明日から使えるあなたの為の武具集～,,,投げることにも適した小型の斧だ。\n#～鑑定報告書：＜武器＞カテゴリ～,1,500,1150,1150,1000,,2,7,8,-2,1,1,102,,1000,,,,0
1149,10000,10010,刃のついたチェーンを高速回転させる機械。樹木を伐採するのに使える。戦闘に用いる場合は、押し返されて自分が怪我をしないように気をつけよう。\n#～明日から使えるあなたの為の武具集～,,,機械駆動の鋸。用途は斧と同じだ。\n#～鑑定報告書：＜武器＞カテゴリ～,1,1200,548,1149,5000,,4,4,9,-3,,,102,,1000,,,,0
1148,10000,10011,鋏のような形状の鎌。重量はあるが、サブブレードが微妙に異なる軌道で襲いかかるため相手は避けにくい。両刃なので、普通の鎌と違い突きでも切り裂くことができる。本当に鋏のように閉じて切断する機構を持つ品もある。\n#～明日から使えるあなたの為の武具集～,,,複数の刃を備えた鎌だ。\n#～鑑定報告書：＜武器＞カテゴリ～,1,900,1149,1148,5000,,3,7,3,4,,,107,,1000,,,,0
1147,10000,10011,骨を接ぎ合わせて作られた鎌。一般的に見かけよりも軽く、鋭い。ただし強度に劣り、適度にメンテナンスしないと切れ味の低下も激しい。\n#～明日から使えるあなたの為の武具集～,,,骨でできた鎌だ。\n#～鑑定報告書：＜武器＞カテゴリ～,1,700,1148,1147,2000,,4,6,2,-1,,,107,,1000,,,,0
1146,10000,10005,工具から派生した戦闘用打撃武器。先端に槌頭というものが直角に接合されており、これを打ち付けて衝撃を与える。\n#～明日から使えるあなたの為の武具集～,,,先端が左右に張り出している鈍器だ。\n#～鑑定報告書：＜武器＞カテゴリ～,1,500,1147,1146,5300,,2,7,6,4,,,103,,1000,,,,0
1145,10000,10005,メイスの一種だが、棘の生えた星型鉄球と柄が鎖で繋がれている。リーチが増し、遠心力によって威力も向上している。\n#～明日から使えるあなたの為の武具集～,,,鉄球タイプの鈍器だ。\n#～鑑定報告書：＜武器＞カテゴリ～,1,900,1146,1145,7000,,3,5,11,-5,-5,,103,,1000,,,,0
1144,10000,10006,一部の宗派で用いられる杖。先端の大きな輪に複数の輪が通してあり、振ると音が鳴る。この音には魔よけや煩悩除去といったありがたい効果があると信じられている。\n#～明日から使えるあなたの為の武具集～,,,先端に輪っかのついた杖だ。\n#～鑑定報告書：＜武器＞カテゴリ～,1,1200,1145,1144,1200,,1,16,5,-2,,,105,,1000,,,,0
1143,10000,10006,二つ以上の節を持つ棒。それぞれが鎖で繋がれており、分割が可能。分割状態で自分に当たらないように振り回すには、それなりに練習が必要。\n#～明日から使えるあなたの為の武具集～,,,分割して素早く振り回せる棒だ。\n#～鑑定報告書：＜武器＞カテゴリ～,1,900,1144,1143,2000,,3,6,4,5,-2,-2,105,,1000,,,,0
1142,24000,24001,とっさの白兵戦も視野に入れた弓。弧の部分が二重構造になっており、外装に刀身と鍔を持つ。リムは内側に独立しているので、外装が鍔迫り合いでたわんでも矢を放てる。\n#～明日から使えるあなたの為の武具集～,,,刃のついている弓だ。\n#～鑑定報告書：＜武器＞カテゴリ～,1,900,1143,1142,2000,,3,2,12,2,,,108,,1000,,,,0
1141,24000,24003,先端部に着火用のバレルを設けた弩。発射時にボルトが燃え上がり、火矢となって飛んでいく。\n#～明日から使えるあなたの為の武具集～,,,矢に着火する機構を備えたクロスボウだ。\n#～鑑定報告書：＜武器＞カテゴリ～,1,700,1142,1141,4000,,2,15,1,6,,,109,,1000,,,,0
1140,24000,24020,一組の銃。片手で扱えるよう、反動を抑える工夫がされている。当たりっこないので複数の敵にそれぞれで同時発砲するのはオススメしない。\n#～明日から使えるあなたの為の武具集～,,,二つで一つの小型銃器だ。\n#～鑑定報告書：＜武器＞カテゴリ～,1,900,705,1140,950,,2,4,8,8,,,110,,1000,,,,0
1112,16000,16003,ゴーレムが暴走した時のための保険。主人の合図ひとつでベルトが締まり対象を抑え込める。さらに、過剰な魔力を放出させる機能も備わっている。主人からの唯一の贈り物だったため、宝物のように大事にされ泥もほとんどついていない。\n#～イルヴァ幻想辞典～,,,沢山のベルトがついた服だ。\n#～鑑定報告書：＜秘宝＞カテゴリ～,1,38000,985,1112,2600,,,,,,-48,142,,,7,,,,500
1110,10000,10004,恐竜が生み出した天然の武器。威力を高めるために重くしすぎて、日常生活に支障をきたしていたらしい。重力子でコーティングされた筋繊維と骨で繋がっており、思いきり振り回しても千切れない。\n#～イルヴァ幻想辞典～,,,恐竜の尻尾についていた星球槌だ。\n#～鑑定報告書：＜秘宝＞カテゴリ～,1,40000,983,1110,40000,,3,11,28,-5,-34,,103,,18,,,,500
1101,24000,24030,はるか昔、虫相撲のためだけにサイボーグ化された甲虫。昔は養殖も盛んに行われていたが、今では捨てられて野生化した個体がひっそり生きている程度。投げれば猛獣すら吹き飛ばし、使い手とシンクロすれば謎の光線や爆風も出せる。喋りこそしないが自我を持っているので、名前をつけて可愛がってやろう。\n#～イルヴァ幻想辞典～,,,投擲用の甲虫だ。\n#～鑑定報告書：＜秘宝＞カテゴリ～,1,20000,977,1101,900,,1,52,8,-6,,,111,,29,,,,500
1092,14000,14003,古の神々が作り上げた、鎖付きの手枷。神の間での使用を想定し、神力による補助なしでとにかく物理的に頑丈に作られている。\n#～イルヴァ幻想辞典～,,,身に着けると変形して手枷になる。\n#～鑑定報告書：＜秘宝＞カテゴリ～,1,50000,969,1092,2000,,,,50,,-50,150,168,,19,,,,500
1075,20000,20001,異世界の女神が作り出したとされる絶器。それは光輝にして守護の剣。世界を越えて空から舞い降り、闇をはらうとされる黄金の翼。\n#～イルヴァ幻想辞典～,,,敵へひとりでに突撃する翼だ。\n#～鑑定報告書：＜秘宝＞カテゴリ～,1,30000,1052,1075,4200,,,,32,2,10,2,,,32,,,,500
1067,14000,14003,冒険ゼミの受講生に贈られる品。かつては赤剣先生の出す総合問題を突破した者だけに与えられていた。当時はがんばりシールドと言う名称で、冠以外の模様パターンもあったらしい。\n#～イルヴァ幻想辞典～,,,四角い小盾だ。\n#～鑑定報告書：＜秘宝＞カテゴリ～,1,10000,1049,1067,900,,,,,10,3,4,168,,9,,,,500
1063,14000,14003,神力を込めると煙を吐く不思議な鏡。初代テスカトリポカがある女神を殺す際に脚を食いちぎられてしまい、義足代わりにこの鏡をくっつけていた時期もあるという。その名は古代語で「夜の鏡」を意味する。\n#～イルヴァ幻想辞典～,,,黒曜石を磨いて作られた鏡の盾だ。\n#～鑑定報告書：＜秘宝＞カテゴリ～,1,35000,967,1063,3000,,,,10,24,8,18,168,,20,,,,500
1058,10000,10010,大きさの割に軽量な戦斧。片手でも振り回せるように調整されている。各部に魔術補助機構を備える他、刃の部分は周囲の空気を発散させて真空状態を作り出し、空気抵抗を無視する。\n#～イルヴァ幻想辞典～,,,軽量な青い戦斧だ。\n#～鑑定報告書：＜秘宝＞カテゴリ～,1,70000,1034,1058,1900,,1,52,11,15,,,102,,7,,,,500
1049,10000,10011,どこかの神が作ったものらしいが、いつの間にか人間界に流出しネクロマンサーや権力者の玩具にされていた。パワーゲージを２５％減らすことで、視界内から定められた組み合わせの使役アンデッドを棺に送り、融合アンデッドを召喚する。ただし同じ種類の融合アンデッドは同時に２体以上使役できない。この効果で召喚した融合アンデッドは棺にならず、術者がそのマップを離れた場合に自壊する。\n#～イルヴァ幻想辞典～,,,邪悪な鎌だ。使うことができる。\n#～鑑定報告書：＜秘宝＞カテゴリ～,1,36000,1033,1049,1600,,2,20,4,4,,,107,91,20,,,,500
1042,10000,10005,戦槌を改造し、外見を杖に似せたもの。頭蓋骨を粉砕するのに充分な重さと強度がある。油断した相手の頭部を根元から吹き飛ばす。\n#～イルヴァ幻想辞典～,,,杖に偽装した戦槌だ。\n#～鑑定報告書：＜秘宝＞カテゴリ～,1,30000,1030,1042,5800,,2,22,16,10,,,103,,30,,,,500
1039,24000,24001,強い憎しみを乗せた矢を放つ骨弓。この世の全てに憎悪を抱くほどに虐げ尽くした獣を、惨たらしく殺しその骨を用いて作成される。射られる側からすれば憎悪をぶつけられていい迷惑。ほとんどが古代に作られた品だが、現代でもどこかの部族が密かに作り続けているらしい。\n#～イルヴァ幻想辞典～,,,おぞましい骨弓だ。\n#～鑑定報告書：＜秘宝＞カテゴリ～,1,44444,1029,1039,3200,,1,44,44,-44,,,108,,18,,,,500
1038,24000,24001,エウダーナの魔弓をベースに、イェルスの機械技術を組み込み強化した斬弓。白兵戦もこなせるほか、トリガーを引くとスタビライザーから電撃を放てる。\n#～イルヴァ幻想辞典～,,,電撃も放てる斬弓だ。\n#～鑑定報告書：＜秘宝＞カテゴリ～,1,65000,1028,1038,2900,,3,13,7,38,,,108,,28,,,,500
1034,10000,10011,ピンク色の鎖鎌。刃も丸く、分銅も小さく、威力自体は大したことなさそうに見える。その実態はエネルギー渦を操る忍具であり、見た目で油断すると危険。普段は鎌部分を隠して、お洒落なチェーンとしてぶら下げられている。\n#～イルヴァ幻想辞典～,,,渦を発生させる鎖鎌だ。\n#～鑑定報告書：＜秘宝＞カテゴリ～,1,30000,930,1034,3900,,3,4,6,58,,,107,,14,,,,500
1032,56000,56002,特定の魔法が封じ込められた杖。今にも割れてしまいそうな儚げな宝石が取り付けられている。\n#～魔具全典～,,,振ることでＰＶＤＶ属性の範囲攻撃を発動する魔法の杖だ。\n#～鑑定報告書：＜魔道具＞カテゴリ～,1,4800,471,1032,400,3 + rnd(3) - rnd(3),,,,,,,,,,,,,0
1027,56000,56002,特定の魔法が封じ込められた杖。半透明の輝く宝石が取り付けられている。\n#～魔具全典～,,,振ることで対象に魔法属性のボルトを放つ魔法の杖だ。\n#～鑑定報告書：＜魔道具＞カテゴリ～,1,4000,471,1027,400,10 + rnd(10) - rnd(10),,,,,,,,,,,,,0
1026,56000,56002,特定の魔法が封じ込められた杖。毒々しい色の宝石が取り付けられている。\n#～魔具全典～,,,振ることで毒属性の範囲攻撃を発動する魔法の杖だ。\n#～鑑定報告書：＜魔道具＞カテゴリ～,1,4000,471,1026,400,7 + rnd(7) - rnd(7),,,,,,,,,,,,,0
1020,22000,22001,金具を打ち込んだ、白い丈夫な革紐。前腕部から拳にかけてバンテージのように巻き付けて装備する。隕鉄製の金具には魔力が含まれているのだとか。\n#～イルヴァ幻想辞典～,,,流星群を思わせる連続攻撃を可能とする腕装備だ。\n#～鑑定報告書：＜秘宝＞カテゴリ～,1,40000,202,1020,300,,,,16,8,45,3,,,1,,,,500
1010,10000,10006,使用者のＭＰを攻撃力に変換する杖。ＭＰ量によっては最強の武器と言っても過言でないほどの威力をたたき出す。しかし攻撃すればその分消耗していくため、使いこなすにはセンスが必要。また、ＭＰが少ないと丈夫なだけの棒と化す。\n#～イルヴァ幻想辞典～,,,ＭＰを攻撃力に変える杖だ。\n#～鑑定報告書：＜秘宝＞カテゴリ～,1,28000,1013,1010,4800,,2,10,,10,8,,105,,15,,,,500
1007,20000,20001,元は戦闘用義手だったものを、付け替えが容易な装備として発展させた。神経接続せずに電気信号を服の上から読み取るため、状況によっては思い通りに動かないこともある。マニピュレーターが頑丈に作られており、ギア比を変えることで強烈な攻撃も繰り出せる。\n#～イルヴァ幻想辞典～,,,機械仕掛けの副腕だ。\n#～鑑定報告書：＜秘宝＞カテゴリ～,1,38000,1011,1007,14000,,,,13,7,-22,8,,,29,,,,500
1006,10000,10002,鷹をあしらったデザインの長剣。何を斬ろうが返り血一つつかず、病的なまでの白さを保ち続ける。その様子を不気味に思う者も多い。遺跡でこの剣を見つけたザナンの兵士は、戦ううちに「白き鷹」として有名になっていった。\n#～イルヴァ幻想辞典～,,「切れ味は申し分ないようだが…俺には少し綺麗すぎるだろう」\n#～ザナンの紅の英雄『ロイター』の言葉～,真っ白な長剣だ。\n#～鑑定報告書：＜秘宝＞カテゴリ～,1,40000,1010,1006,3800,,2,20,12,4,15,,100,,21,,,,500
998,19000,19001,ネインによって飛行能力を与えられたほうき。当初は跨って乗ることを想定されていたが、急上昇時に股が裂けかねないため腰掛けて乗るのが無難。無駄にスペックが高く音速飛行が可能だが、実際にやると搭乗者が確実に振り落される。\n#～イルヴァ幻想辞典～,,,乗ると浮遊する箒だ。\n#～鑑定報告書：＜秘宝＞カテゴリ～,1,22000,1006,998,900,,,,,,15,5,,,43,,,,500
997,19000,19001,魔術士の魂から抽出した魔力糸を用い、虎の毛皮を縫って作られた。とにかく強靭なことで有名で、実際１００年穿いても破れないし臭くならない。動きやすいのでスポーツウェアとして用いられるほか、白虎の毛皮で作ったブランド品も存在している。パンツはパンツでもホットパンツのほうなので、見られても恥ずかしくない。みんなで穿こう。投げたりしないで穿こう。\n#～イルヴァ幻想辞典～,,,下着ではなく短いズボンだ。\n#～鑑定報告書：＜秘宝＞カテゴリ～,1,52000,1005,997,300,,,,,,35,12,,,1,,,,500
996,24000,24030,手裏剣の一種で、強力なエネルギーを纏っている。直撃すれば戦闘機の装甲も貫通するほどの切れ味。別にイオンでできているわけではないが、イオンビームによって加工されたためこう呼ばれる。エネルギー状態によって色は青や水色にも変化する。\n#～イルヴァ幻想辞典～,,,輪状の手裏剣だ。\n#～鑑定報告書：＜武器＞カテゴリ～,1,20000,1004,996,400,,1,20,26,15,,,111,,8,,,,500
995,10000,10007,スペードのエースという意味の名前を持つ。かつて戦場に刺さっていた一本のシャベルを改修したものらしい。切ったり突いたりして鉾槍のように使えるほか、防弾鋼鈑で作られた幅広の刃部分は盾にもなる。戦闘以外にも穴を掘ったり進軍に邪魔な枝を切ったりするのに使われる。柄の伸縮機能と強度を両立させた結果非常に重くなり、扱いづらいのが難点。\n#～イルヴァ幻想辞典～,,,鉾槍としても使える多目的シャベルだ。\n#～鑑定報告書：＜秘宝＞カテゴリ～,1,34000,1003,995,12000,,2,26,2,-4,-15,20,104,,9,,,,500
986,24000,24021,特定の遺跡から発見される光子銃。地味に重い。なぜかカラスが装備していることがあるため、形式番号とあわせて「カラスワ」と呼ばれる。正式な名称等は不明。\n#～イルヴァ幻想辞典～,,,高性能だが重い光子銃だ。\n#～鑑定報告書：＜秘宝＞カテゴリ～,1,50000,823,986,6800,,2,25,5,5,,,110,,9,,,,500
985,10000,10005,黒い金属でコーティングし、砕いたアーモンドのような形状の金属片を埋め込んだ鈍器。なんと元は武器ではなく、とある村の中央に飾られていたオブジェである。聞くところによると、かつて紛争に巻き込まれて滅びかけていた村を隠匿し救った英雄の像らしい。\n#～イルヴァ幻想辞典～,,,ごつごつとした長大な棍棒だ。\n#～鑑定報告書：＜秘宝＞カテゴリ～,1,26000,994,985,4300,,2,18,25,-12,,,103,,43,,,,500
983,10000,10006,邪悪な魔物を滅ぼすべく、闇の儀式によって生みだされた退魔の鞭。儀式には人魔問わず数多くの命が費やされたという。意思のようなものを持っており、選んだ者の前に姿を現す。始まりの鞭、吸血鬼殺しの鞭とともに時を超えて今もなお受け継がれているのだとか。\n#～イルヴァ幻想辞典～,,,血塗れの鞭だ。\n#～鑑定報告書：＜秘宝＞カテゴリ～,1,36000,928,983,1800,,4,4,38,19,,,105,,19,,,,500
981,12000,12002,宇宙空間を漂っていたところを回収された。解析の結果ヘルメット状の機械生命体と判明したが、発見された時すでに自意識はなかったようだ。システムの一部は復元に成功しており、簡易的な重力制御および身体機能補助が可能。\n#～イルヴァ幻想辞典～,,,ヘルメット状の機械だ。\n#～鑑定報告書：＜秘宝＞カテゴリ～,1,34000,993,981,3000,,,,,,15,18,,,25,,,,500
975,16000,16001,メイルーン王家に伝わる大鎧。かつて名工が献上したものの一つ。徹底的な寒さ対策が施されてるにも関わらず、一部を開放することで暑地でも充分着用可能。民間で見様見真似で作り上げた模倣品が防寒具として一昔前に重宝されていたが、近年では無骨なデザインがお洒落でないと不評、廃れている。\n#～イルヴァ幻想辞典～,,,寒冷地仕様の鎧だ。\n#～鑑定報告書：＜秘宝＞カテゴリ～,1,40000,878,975,25000,,,,,,4,130,,,31,,,,500
974,10000,10006,ツタを切り取り、鞭としたもの。表面には繊毛がびっしりと生えているが、その一つ一つが猛毒の鋭い棘であり、下手に触れると死にたくなるような痛みと激しい吐き気に襲われる。かすり傷でも、放っておくと全身の粘膜から血を噴き出すことになるので取扱いには注意だ。少なくとも素手で振り回すのはやめた方がいいだろう。\n#～イルヴァ幻想辞典～,,,毒の棘を持つ鞭だ。\n#～鑑定報告書：＜秘宝＞カテゴリ～,1,32000,928,974,1500,,4,6,20,30,,,105,,1,,,,500
973,25000,25020,口径はそのままに、火薬を大増量した弾。拳銃でも高い威力を出せるが、反動が大きい。\n#～明日から使えるあなたの為の武具集～,,,銃と共に装備する武器（拳銃専用）だ。\n#～鑑定報告書：＜武器＞カテゴリ～,1,1500,420,973,3000,,2,4,4,-4,,,110,,1000,,,,0
959,10000,10003,心に浮かんだ音色を奏でると言われる短剣。もっとも、ノイズの混ざらない旋律にするためには高い集中力を要するため、楽器として使うにはかなり難易度が高い。刃物としての殺傷力はさほど高くないが、使い手によっては催眠音波から爆音まで自在に出せるため凄まじい武器となる。\n#～イルヴァ幻想辞典～,＜ランク0～6楽器＞,,音の出る短剣だ。一応、楽器としても使える。\n#～鑑定報告書：＜秘宝＞カテゴリ～,1,40000,931,959,500,,2,18,14,25,5,,101,17,21,,,,500
958,10000,10001,多段分離した刀身を所持者から抽出した魔力で繋ぐことで、鞭のように振り回して攻撃できる大剣。連結状態では刀身パーツ同士が折り重なっているだけであり、そのままでは斬り付けた際に刀身がバラバラになってしまう。そのため、所持者から供給した魔力で覆い強度を維持する必要がある。\n#～イルヴァ幻想辞典～,,,刃が分離する大剣だ。\n#～鑑定報告書：＜秘宝＞カテゴリ～,1,40000,51,958,25000,,8,6,10,15,,,100,,31,,,,500
957,12000,12002,スンバラリア星人の頭部。オウムガイのような形のそれは固い殻で覆われており、意外と防御力が高い。たぶん完全に死んでいるので、おそらく被ってもきっと大丈夫なはず。\n#～イルヴァ幻想辞典～,,「ＡＳＤＪＵＲＨＦＫ＞ＲＯＷＲＷ＜ＭＷ！」\n#～スンバラリア星人の言葉～,異星人の頭部を利用した兜だ。\n#～鑑定報告書：＜秘宝＞カテゴリ～,1,22000,65,957,1500,,,,,,5,32,,,18,,,,500
956,10000,10006,紐の先端を金属で強化した戦闘用の鞭。もともと鞭は致命傷よりも苦痛を与えるための道具であるが、強化によって骨程度は砕く威力を得た。ピシリという音は先端速度が音速に達して空気を叩いた音であり、物体に当たって生じる音とは異なる。\n#～明日から使えるあなたの為の武具集～,,,戦闘用の鞭だ。\n#～鑑定報告書：＜武器＞カテゴリ～,1,500,928,956,900,,4,3,3,8,,,105,,1000,,,,0
955,10000,10004,武器としても使えるように専門家が設計したという、頑丈な造りの靴下。砂やコインを入れて思い切り振り回しても形が崩れない一級品。目が細かすぎて蒸れやすく臭いも染みつきやすいのが欠点。\n#～明日から使えるあなたの為の武具集～,,,鈍器として使える靴下だ。\n#～鑑定報告書：＜武器＞カテゴリ～,1,10000,929,955,600,,1,6,11,2,,,103,,1001,,,,0
954,10000,10011,農耕具である鎌を発展させた護身武器。鎖で攻撃した際の反動によって鎌の刃で手を怪我しないよう、護拳がついてる。鎖で動きを鈍らせてから接近し鎌部分で攻撃するのが一般的。\n#～明日から使えるあなたの為の武具集～,,,鎖分銅付きの鎌だ。\n#～鑑定報告書：＜武器＞カテゴリ～,1,700,930,954,2100,,3,3,5,7,,,107,,1000,,,,0
953,24000,24003,大型クロスボウの一種。小型のものは担いだり背負ったりしてどうにか運ぶことが可能だが、本来は据え置きの砲台。一応、折り畳み式の支柱が下部についているが取り回しは悪い。\n#～明日から使えるあなたの為の武具集～,,,超大型のクロスボウだ。\n#～鑑定報告書：＜武器＞カテゴリ～,1,1200,927,953,18000,,1,28,5,-6,-20,,109,,1000,,,,0
951,24000,24020,混戦の中、戦艦副砲の予備パーツを用いて機械の神が咄嗟に作り出した武器。神力の込められた一撃は混沌艦隊の船体を易々と貫き、衝撃波で眷属どもを霧状に消し飛ばしてしまったという。\n#～イルヴァ幻想辞典～,,,大口径の狙撃銃だ。\n#～鑑定報告書：＜秘宝＞カテゴリ～,1,40000,428,951,43000,,1,138,,-56,,,110,,9,,,,500
950,10000,10007,その昔、破壊の神が癒しの女神を襲撃した際、守護者がその身を盾に破壊の一撃から女神を守り通した。身体をズタズタにされながらも攻撃を受け止め女神に傷一つつけなかった守護者に破壊の神は感服し、この武器を授けて去って行ったという。\n#～イルヴァ幻想辞典～,,「攻撃と防御は表裏一体。守る物があるのなら相応の力を持つべきだ」\n#～破壊の神の言葉～,三つの都を破壊したとされる三叉槍だ。\n#～鑑定報告書：＜秘宝＞カテゴリ～,1,40000,926,950,2000,,4,12,12,,-25,,104,,8,,,,500
949,10000,10001,刀状の巨大な高周波ブレード。元々は個人用の武器だったが取り回しが難しく、開き直った開発主任がより巨大化させ大型兵器用にしたという経緯がある。余剰熱を火炎弾に転換し炸裂させる様子は、まるで種を放つホウセンカのよう。なお、この再現機能が原因で重量がさらに増している。\n#～イルヴァ幻想辞典～,,,火を放つ大太刀だ。刀だが大剣に属する。\n#～鑑定報告書：＜秘宝＞カテゴリ～,1,40000,925,949,31000,,5,10,25,-4,,,100,,31,,,,500
948,14000,14003,ニンジャの秘術によって鍛えられた爪。特定の音波に共鳴して振動し、切れ味を高める。詠唱した呪文を増幅し威力を高めることもできるとか。\n#～イルヴァ幻想辞典～,,,軽くて鋭い爪だ。\n#～鑑定報告書：＜秘宝＞カテゴリ～,1,30000,877,948,800,,,,18,20,12,,168,,28,,,,500
940,19000,19001,魔石の模倣品がちりばめられたベルト。オリジナルの魔石はレシマスの封印に関わる力を秘めていたが、その応用でパルミアを守る防御設備を作る計画が挙がっていた。エウダーナ出身冒険者の協力で模倣品は精製できたものの、力の一部が再現不能で計画は頓挫。所持者だけを一時的に魔力壁で覆う防具が、試作品として作られるに留まった。\n#～イルヴァ幻想辞典～,,,防御魔力の備わったベルトだ。\n#～鑑定報告書：＜秘宝＞カテゴリ～,1,48000,474,940,2800,,,,,,10,24,,,23,,,,500
939,24000,24030,大きな岩の塊。こんなものをぶつけられたら痛いでは済まない。重いうえに形状が歪で投げにくいため、他の投擲武器以上に近距離でないと威力は発揮できないだろう。\n#～明日から使えるあなたの為の武具集～,,,投擲用武器だ。\n#～鑑定報告書：＜武器＞カテゴリ～,1,1200,924,939,25000,,1,40,3,-8,-15,2,111,,10,,,,0
938,14000,14003,獣や猛禽、虫などの爪を模した装備。樹や地面に引っ掛けるのが本来の使い方。だが攻撃を弾く防具にも、格闘の威力を高める武器にもなるため、専ら戦闘用に使われている。\n#～明日から使えるあなたの為の武具集～,,,それなりに頑丈な爪だ。\n#～鑑定報告書：＜武具＞カテゴリ～,1,2200,877,938,900,,,,7,5,4,3,168,,1000,,,,0
937,24000,24003,巻き上げ機ではなくハンドルで弦を起こすクロスボウ。弾倉がついており装填速度は増しているが、一発ごとの威力と精度は格段に劣る。鎧を貫く力はなく、ボルトに塗った毒で威力を補う。\n#～明日から使えるあなたの為の武具集～,,,毒で威力を補った小型クロスボウだ。\n#～鑑定報告書：＜武器＞カテゴリ～,1,900,595,937,3000,,7,4,4,2,,,109,,1000,,,,0
923,14000,14003,切り裂いた対象に、不幸をもたらす爪型の武器。かつては触れた者に永遠の不幸をもたらすほどの代物だったが、幸運の女神との戦いの際に力のほとんどを失ってしまった。\n#～イルヴァ幻想辞典～,,,恐ろしく鋭い爪だ。\n#～鑑定報告書：＜秘宝＞カテゴリ～,1,40000,877,923,4000,,,,28,,28,,168,,29,,,,500
922,10000,10011,収束したアストラル光が刃となっている鎌。骨のような節の部分から分離して多節鞭のような形状にもなり、柔軟な斬撃が可能。断ち切られた輪廻、永遠の安息を象徴する。\n#～イルヴァ幻想辞典～,,,星の光を宿した骨鎌だ。\n#～鑑定報告書：＜秘宝＞カテゴリ～,1,40000,890,922,12000,,4,6,40,-2,,,107,,8,,,,500
908,10000,10006,代々叡智を司る神に伝えられてきた杖。世界中で起きていることを一瞬のうちに知覚し記録する力を持つが、極めて限られた一部の神にしか扱えない。かつて失われた常闇の眼とも関わりが深い。\n#～叡智の書～,,,闇の叡智を秘めた杖だ。\n#～鑑定報告書：＜秘宝＞カテゴリ～,1,40000,53,908,2000,,1,40,,,10,5,105,,7,,,,500
905,16000,16003,材料をケチった結果、バリアコーティング処理に失敗。軽く引っ掻いただけで表面がボロボロ崩れるほどにまで劣化している。色落ちしているのも表面剥離が原因。\n#～イルヴァ幻想辞典～,,,分子構造的にとても脆いスーツだ。\n#～鑑定報告書：＜秘宝＞カテゴリ～,1,28000,874,905,600,,,,,,120,-5,,,14,,,,500
904,16000,16003,バリアコーティング処理により、従来とは比べ物にならない軽さと防御性能を併せ持つスーツ。製造コストの問題により正式採用はされず、試作品さえ作りかけの状態で倉庫に収納されていた。\n#～イルヴァ幻想辞典～,,,高性能な特殊スーツだ。\n#～鑑定報告書：＜秘宝＞カテゴリ～,1,60000,873,904,1200,,,,,,20,95,,,14,,,,500
901,56000,56002,特定の魔法が封じ込められた杖。バチバチと光る宝石が取り付けられている。\n#～魔具全典～,,,振ることで電撃属性の範囲攻撃を発動する魔法の杖だ。\n#～鑑定報告書：＜魔道具＞カテゴリ～,1,4200,471,901,400,5 + rnd(5) - rnd(5),,,,,,,,,,,,,0
899,10000,10009,重力を操る力を秘めた手斧。斬りつけた相手を重力の球の中へ閉じ込めて押しつぶす。重力の加わった斬撃自体も重い。\n#～イルヴァ幻想辞典～,,,重力球を発生させる手斧だ。\n#～鑑定報告書：＜秘宝＞カテゴリ～,1,65000,869,899,3000,,2,20,10,5,,,102,,29,,,,500
898,10000,10006,亜竜族の力を秘めた棒状の武器。棒であるため他の武器と比べて特に破壊力が高いわけではない。だが扱いやすさは優秀で、高速でテクニカルな攻撃を繰り出せる。\n#～イルヴァ幻想辞典～,,,俊敏性を高める長棒だ。\n#～鑑定報告書：＜秘宝＞カテゴリ～,1,30000,505,898,2000,,2,12,15,10,20,,105,,24,,,,500
893,14000,14003,攻防一体の装備。小型の推進装置を内蔵し、加速によって攻撃の貫通力を上げる。一時的に音速を超えて加速するため耐熱・耐衝撃機能も持つ。\n#～イルヴァ幻想辞典～,,,推進装置を内蔵したトンファーだ。\n#～鑑定報告書：＜秘宝＞カテゴリ～,1,40000,728,893,1800,,,,25,5,10,10,168,,8,,,,500
871,14000,14003,攻防一体の装備。使用者のマナを転換し光子刃を形成する機能を持つ。隙あらば殴打からそのまま斬撃につなげることができる。\n#～イルヴァ幻想辞典～,,,光子刃の出るトンファーだ。\n#～鑑定報告書：＜秘宝＞カテゴリ～,1,40000,728,871,2000,,,,30,,5,15,168,,19,,,,500
850,14000,14003,攻防一体の装備。軽くて丈夫。握りを少し緩めてから回転させて打つこともできる。コンパクトで素早い格闘攻撃を可能とし、目標を次々と粉砕する。\n#～イルヴァ幻想辞典～,,,連続攻撃ができるトンファーだ。\n#～鑑定報告書：＜秘宝＞カテゴリ～,1,40000,728,850,1500,,,,20,10,20,,168,,29,,,,500
892,14000,14003,攻防一体の装備。斥力シールドの発生装置が取り付けられており、トンファーでありながら高い防御力を発揮する。\n#～イルヴァ幻想辞典～,,,防御装置を内蔵したトンファーだ。\n#～鑑定報告書：＜秘宝＞カテゴリ～,1,40000,728,892,2000,,,,20,,,30,168,,23,,,,500
895,14000,14003,攻防一体の装備。\n#～イルヴァ幻想辞典～,,第三部用。\n#～謎のメモ～,トンファーだ。\n#～鑑定報告書：＜秘宝＞カテゴリ～,1,40000,728,895,2000,,,,40,40,25,25,168,,31,,,,500
891,24000,24020,グリフォンから生み出された二つで一つの銃で、連射性能が非常に高い。握りやすい大型のグリップが特徴。\n#～イルヴァ幻想辞典～,,,なんだか合体しそうな双銃だ。\n#～鑑定報告書：＜秘宝＞カテゴリ～,1,20000,705,891,2000,,2,15,4,12,,,110,,28,,,,500
888,10000,10002,月から回収されたとされる石を発振器に用いて作られた、美しい光の長剣。生み出された余剰エネルギーを光の波動に変換する。\n#～イルヴァ幻想辞典～,,,月の光を放つライトセーバーだ。\n#～鑑定報告書：＜秘宝＞カテゴリ～,1,40000,671,888,1000,,2,16,1,10,,,100,,8,,,,500
887,56000,56002,特定の魔法が封じ込められた杖。黒く濁った宝石が取り付けられている。\n#～魔具全典～,,,振ることで暗黒属性の範囲攻撃を発動する魔法の杖だ。\n#～鑑定報告書：＜魔道具＞カテゴリ～,1,4500,471,887,400,5 + rnd(5) - rnd(5),,,,,,,,,,,,,0
881,24000,24020,遺跡から発見された、フルオート射撃可能・専用小型榴弾発射可能な珍しいショットガンを改修したもの。発見者は量産化を軍に提案したが、重く、嵩張り、過剰火力であるため見向きもされなかった。その後は、ストックと銃身を切り詰める等、開き直った発見者があえて近接戦特化で改修。破壊力と制圧力は名前通りトリプルＡだが、代償に銃として大事なものが色々と抜け落ちている。\n#～イルヴァ幻想辞典～,,「なんじゃこの改修プランは！？気が狂っとる…」\n#～伝説の職人『ガロク』の言葉～,近接戦闘用の散弾銃だ。\n#～鑑定報告書：＜秘宝＞カテゴリ～,1,55000,790,881,7400,,4,30,,-15,,,110,,31,,,,500
880,24000,24030,カード型の暗器。ふちの部分が鋭い刃になっており、人間の首くらいなら簡単に切断できる。投擲時の安定性を高めるために少し重く作られている。\n#～イルヴァ幻想辞典～,,,相手に出血を起こさせる投擲用武器だ。\n#～鑑定報告書：＜武器＞カテゴリ～,1,5000,46,880,300,,1,10,10,10,,,111,,16,,,,500
879,12000,12002,死の際に魔法の深淵に触れた魔法使いが、生前のマナを込めて作った特殊な魔法帽。アンデッドとなって甦った魔法使いが着用するものだが、稀に生きながらにして作り出す魔法使いもいる。\n#～イルヴァ幻想辞典～,,,魔法を増幅する帽子だ。\n#～鑑定報告書：＜秘宝＞カテゴリ～,1,32000,477,879,650,,,,,,20,8,,,14,,,,500
875,24000,24001,風の女神が作り出し、かつて愛用していた大弓。放つ光を七変化させるその様子は、まるで移り気で気まぐれな女心のよう。派手すぎるのに飽きたという理由で手放された。\n#～イルヴァ幻想辞典～,,,虹色の長弓だ。\n#～鑑定報告書：＜武器＞カテゴリ～,1,40000,54,875,9400,,2,18,25,-20,,,108,,8,,,,500
874,24000,24003,ラピッドボウガンの一種。根本からクロスボウの構造を見直して設計された逸品。連射・速射性能に優れる。\n#～イルヴァ幻想辞典～,,,連射力を高めた機械弓だ。\n#～鑑定報告書：＜秘宝＞カテゴリ～,1,50000,498,874,3800,,6,7,5,2,,,109,,21,,,,500
868,10000,10007,黒いユニコーンの角でできた槍。表面の螺旋に沿って混沌の力が渦巻き、敵対するものを抉り貫く。\n#～イルヴァ幻想辞典～,,,混沌の奔流を纏う騎士槍だ。\n#～鑑定報告書：＜秘宝＞カテゴリ～,1,60000,49,868,6000,,3,10,20,5,,,104,,20,,,,500
866,24000,24030,最高威力を誇る強力な手榴弾。それ故、爆風に巻き込まれないよう細心の注意を払う必要がある。\n#～イルヴァ幻想辞典～,,,爆風が強力な手榴弾だ。\n#～鑑定報告書：＜秘宝＞カテゴリ～,1,30000,537,866,500,,1,10,,-10,,,111,,8,,,,500
863,10000,10001,神の火の中から生まれたとされる大剣。聖なる炎をその刀身に宿し、汚れた不死者を焼き尽くし浄化する。\n#～イルヴァ幻想辞典～,,,灼熱の大剣だ。\n#～鑑定報告書：＜秘宝＞カテゴリ～,1,30000,736,863,8900,,3,10,20,-5,,,100,,15,,,,500
862,10000,10006,品種改良に失敗して生まれた。無駄に強度があり武器として使えるほか、先端部には栄養が豊富に含まれているため一本で二度おいしい。なぜか、持っているだけでクリティカルが出やすくなる。\n#～イルヴァ幻想辞典～,,,やたらと固い長ネギ。長棒として使える。\n#～鑑定報告書：＜秘宝＞カテゴリ～,1,100,397,862,300,,3,3,5,5,,,105,,35,,,,500
861,14000,14003,呪いの力を封じた騎士盾。結果、盾に宿った「主を守ろうとする、騎士の魂」のみが作用し高い防御力をたたき出す。\n#～イルヴァ幻想辞典～,,,防御力の高い盾だ。\n#～鑑定報告書：＜秘宝＞カテゴリ～,1,35000,734,861,16500,,,,,,-20,80,168,,25,,,,500
860,10000,10006,自らの身体能力を犠牲にして魔法力を大幅に増幅する杖。幾千もの魔術士の命と引き換えにようやく討伐されたとされる、伝説の魔獣の骨とその眼球を用いて作られた。\n#～イルヴァ幻想辞典～,,,主能力と引き換えに魔法を増幅する杖だ。\n#～鑑定報告書：＜秘宝＞カテゴリ～,1,40000,735,860,2500,,1,10,,-5,-5,-5,105,,18,,,,500
854,10000,10004,なんということでしょう。伝説の楽器が匠の手により鈍器へと生まれ変わりました。その贅沢さは楽器の価値がわかる者ならば卒倒するほど。\n#～イルヴァ幻想辞典～,,,貴重なヴァイオリンに惜しげもなく釘を突き刺した逸品だ。\n#～鑑定報告書：＜秘宝＞カテゴリ～,1,30000,699,854,5000,,3,8,20,-5,,,103,,43,,,,500
851,24000,24030,携行性と隠密性を犠牲にして威力を追求した手裏剣。その大きさはもはや暗器でないが、防御に使えるという長所も。刀身にはレアメタルが使われており、硬い物も切り裂く。\n#～イルヴァ幻想辞典～,,,相手に出血を起こさせる投擲用武器だ。\n#～鑑定報告書：＜武器＞カテゴリ～,1,10000,729,851,10000,,1,60,,6,-5,15,111,,31,,,,500
846,24000,24030,悪夢を断つ短剣。切れ味は大したことないが投げると遠くまでまっすぐ飛ぶ。\n#～イルヴァ幻想辞典～,,,投擲用のナイフだ。\n#～鑑定報告書：＜秘宝＞カテゴリ～,1,10000,44,846,700,,2,10,10,30,4,,111,,25,,,,500
831,10000,10004,巨大な本。神をもってしても読破できないほど分厚い。人では振るえない程の重さだが、使いこなす者が現れた時この武器は使用者にとてつもない学習能力を授けるだろう。それと少しばかりの気まぐれを。\n#～イルヴァ幻想辞典～,,,ものすごい厚さ。非常に重い鈍器だ。\n#～鑑定報告書：＜秘宝＞カテゴリ～,1,30000,43,831,376500,,20,20,32,-460,,,103,,20,,,,500
830,24000,24030,巨大な石のお金。古代文明において流通していた現物であり、非常に貴重。人では扱えない程の重さだが、使いこなす者が現れた時この武器は使用者にとてつもない魅力を授けるだろう。それと少しばかりの気まぐれを。\n#～イルヴァ幻想辞典～,,,持っているだけで凄い、非常に重い石貨だ。\n#～鑑定報告書：＜秘宝＞カテゴリ～,1,35000,42,830,376500,,1,400,32,-460,,,111,,10,,,,500
828,22000,22003,富の神が特注で作らせたド派手な鎖。見てるだけで嫌になるくらい絢爛豪華。\n#～イルヴァ幻想辞典～,,,身に着けると変形して腕装備になる。\n#～鑑定報告書：＜秘宝＞カテゴリ～,1,50000,41,828,500,,,,,,,50,,,32,,,,500
827,22000,22001,謎の紋様が表面に描かれた青い篭手。精霊を宿す。\n#～イルヴァ幻想辞典～,,,絶器と呼ばれる篭手だ。\n#～鑑定報告書：＜秘宝＞カテゴリ～,1,40000,449,827,900,,,,15,21,,,,,25,,,,500
826,10000,10003,刀身から無限に毒薬が染み出す妖刀。忍者秘伝の物であり、詳細を知る者はほとんどいない。\n#～イルヴァ幻想辞典～,,,猛毒を帯びた忍刀だ。兜ではない。\n#～鑑定報告書：＜秘宝＞カテゴリ～,1,45000,432,826,600,,4,11,10,5,,,101,,8,,,,500
824,10000,10007,癒しの神の護身用アイテム。相手を傷つけずに取り押さえるためのもの。\n#～イルヴァ幻想辞典～,,,身に着けると変形して槍状になる。\n#～鑑定報告書：＜秘宝＞カテゴリ～,1,50000,38,824,2000,,1,5,-460,50,,,104,,18,,,,500
823,16000,16001,機械の神が己の力を抑え込むために纏っている拘束具。脱いだらスゴイことになる。\n#～イルヴァ幻想辞典～,,,身に着けると変形して拘束具になる。\n#～鑑定報告書：＜秘宝＞カテゴリ～,1,50000,39,823,15000,,,,,,,150,,,15,,,,0
822,19000,19001,収穫の神が大切なものが逃げ出さないように使うもの。油断すると勝手にベルトのように巻き付いてくる。\n#～イルヴァ幻想辞典～,,,身に着けると変形して腰当になる。\n#～鑑定報告書：＜秘宝＞カテゴリ～,1,50000,34,822,500,,,,,,,50,,,23,,,,0
821,18000,18002,大地の神のトレーニング器具。重いわけでもないのに、付けるとほとんど動けなくなり大地に固定されているような感覚すら覚える。\n#～イルヴァ幻想辞典～,,,身に着けると変形して足枷になる。\n#～鑑定報告書：＜秘宝＞カテゴリ～,1,50000,35,821,500,,,,,,,50,,,10,,,,0
820,12000,12002,幸運の神のお気に入りの玩具。定命が下手に触れようものなら運を吸い取られる。\n#～イルヴァ幻想辞典～,,,身に着けると変形して頭につける輪になる。\n#～鑑定報告書：＜秘宝＞カテゴリ～,1,50000,36,820,500,,,,,,,50,,,13,,,,0
817,24000,24020,狙撃に特化した銃器。遠距離からの射撃に適する。\n#～明日から使えるあなたの為の武具集～,,,遠距離でも安定した威力を発揮する銃器だ。\n#～鑑定報告書：＜武器＞カテゴリ～,1,1200,710,817,2000,,1,30,,-5,,,110,,1000,,,,0
816,24000,24020,凄腕の狙撃手の異名を冠した狙撃銃。狙撃用のスコープがついておらず、素人が目標に当てるのはとても難しい。また、銃身が少し短く重いものとなっている。\n#～イルヴァ幻想辞典～,,,かなりカスタムされた狙撃銃だ。\n#～鑑定報告書：＜秘宝＞カテゴリ～,1,60000,711,816,3000,,1,75,,-30,,,110,,10,,,,500
814,20000,20001,イェルス軍が火炎竜の翼を元に開発した飛行・推進ユニット。頑丈で、防御に使えないこともない。兵士の個人装備として開発されたが脚部装着型飛行ユニットにコンペで敗れ、採用は見送られた。しかしその飛行能力は確かであったため、後に空戦兵器の部品として転用されている。\n#～イルヴァ幻想辞典～,,,機械仕掛けの翼だ。\n#～鑑定報告書：＜秘宝＞カテゴリ～,1,25000,522,814,15000,,,,,,10,30,,,15,,,,500
813,10000,10006,太陽神の子が光を結晶化して生み出したスティック。剣のように見え、実際に剣のような使い方もするがあくまでも長棒である。\n#～イルヴァ幻想辞典～,,,太陽のように光り輝く長棒だ。\n#～鑑定報告書：＜秘宝＞カテゴリ～,1,35000,671,813,1200,,2,18,10,,,,105,,8,,,,500
810,10000,10002,邪を祓う為に更に強大な邪を用いる、という考えから生み出された黒の剣。これには兄弟ともいうべく剣が存在し、それぞれを両手に握れば世界ですら破壊し得る程の力を得るのだという。\n#～イルヴァ幻想辞典～,,,モーンブレイドという兄弟剣が存在するといわれる長剣だ。\n#～鑑定報告書：＜秘宝＞カテゴリ～,1,60000,1135,810,2000,,3,11,5,8,-3,5,100,,20,,,,500
808,10000,10002,安楽死させるための巨大な十字剣。死をもってしか癒せないものもある。人では振るえない程の重さだが、使いこなす者が現れた時この武器は使用者に固い意志を授けるだろう。それと少しばかりの気まぐれを。\n#～イルヴァ幻想辞典～,,,強大な意志の力を秘めた非常に重い長剣だ。\n#～鑑定報告書：＜秘宝＞カテゴリ～,1,30000,698,808,376500,,8,50,32,-460,,,100,,15,,,,500
807,24000,24003,巨大なクロスボウ。人では扱えない程の重さだが、使いこなす者が現れた時この武器は使用者に飛びぬけた器用さを授けるだろう。それと少しばかりの気まぐれを。\n#～イルヴァ幻想辞典～,,,非常に重い機械弓だ。\n#～鑑定報告書：＜秘宝＞カテゴリ～,1,30000,498,807,376500,,10,40,32,-460,,,109,,8,,,,500
806,24000,24020,巨大なグレネードグラビティガン。グラビティガンの不安定さを補うため、グレネードランチャーが装着されている。人では扱えない程の重さだが、使いこなす者が現れた時この武器は使用者に超感覚を授けるだろう。それと少しばかりの気まぐれを。\n#～イルヴァ幻想辞典～,,,非常に重い機関銃だ。\n#～鑑定報告書：＜秘宝＞カテゴリ～,1,30000,417,806,376500,,40,10,32,-460,,,110,,9,,,,500
805,10000,10010,全てを破壊する巨大な戦斧。人では振るえない程の重さだが、使いこなす者が現れた時この武器は使用者にとてつもないパワーを授けるだろう。それと少しばかりの気まぐれを。\n#～イルヴァ幻想辞典～,,,強大な力を秘めた非常に重い戦斧だ。\n#～鑑定報告書：＜秘宝＞カテゴリ～,1,30000,500,805,376500,,2,200,32,-460,,,102,,31,,,,500
804,10000,10011,巨大な地底獣の骨を加工して作られた鎌。人では振るえない程の重さだが、使いこなす者が現れた時この武器は使用者に果てしない耐久力を授けるだろう。それと少しばかりの気まぐれを。\n#～イルヴァ幻想辞典～,,,非常に重い骨鎌だ。\n#～鑑定報告書：＜秘宝＞カテゴリ～,1,30000,1148,804,376500,,4,100,32,-460,,,107,,18,,,,500
803,20000,20001,かつての英雄が身に着けていたマント。ボロボロのヨレヨレであるため、幸薄そうな者が着ると悪い意味でサマになってしまう。渋い人なら着こなせるかもしれないが。\n#～イルヴァ幻想辞典～,,,よれよれになるまで使い込まれた外套だ。\n#～鑑定報告書：＜秘宝＞カテゴリ～,1,35000,476,803,1500,,,,10,5,10,2,,,2,,,,500
802,24000,24020,二つで一つの銃。かつては双子が一つずつ使っていたという。兄が戦死した後、形見として銃は弟に引き継がれた。弟はその生涯をかけて二丁拳銃術の基礎を編み出したとされる。\n#～イルヴァ幻想辞典～,,,双子のようにそっくりな双銃だ。\n#～鑑定報告書：＜秘宝＞カテゴリ～,1,25000,705,802,2200,,2,18,2,2,,,110,,10,,,,500
801,10000,10003,愛と怒りと悲しみがこもる包丁。次々と敵の首を切り落とすその切れ味は、見るものに椿の花がボトボトと落ちる様子を連想させる。\n#～イルヴァ幻想辞典～,,「ねぇ…どいてよ。どいてくれないとそいつ殺せないでしょ？泥棒猫さんにはひとのものを取るとどうなるのか、ちゃんと教えてあげないと…だからそいつを庇うのはやめて…お願い。じゃないと、私…！」\n#～迫り来る妹の言葉～,いくつもの首を刎ねてきた包丁だ。\n#～鑑定報告書：＜秘宝＞カテゴリ～,1,20000,546,801,800,,1,20,10,5,,,101,,15,,,,500
800,16000,16003,本来は首から下全てを覆うスーツだったのだが、予想以上にコストがかさんだため途中で開発が中止され胴体部分しか作られなかった。そのため一見ただの水着にしか見えない。表面はバリアコーティングされておりそれなりの防御性能を持つ。\n#～イルヴァ幻想辞典～,,,水着っぽい特殊スーツだ。\n#～鑑定報告書：＜秘宝＞カテゴリ～,1,38000,704,800,950,,,,,,35,65,,,14,,,,500
798,10000,10003,海賊の汚名を着せられたヒーローが使っていたサーベル。皮肉なことに現在は本物の賊の手に渡ってしまっている。振るうと力が湧いてくる。\n#～イルヴァ幻想辞典～,,,豪快なつくりの海賊刀だ。\n#～鑑定報告書：＜秘宝＞カテゴリ～,1,45000,502,798,1600,,3,13,10,-5,6,2,101,,33,,,,500
796,24000,24030,気の遠くなるような大昔に、ある島国で使われていた貨幣。後世の文献によると、当時のガードの中にはこれを投げて戦うものがいたらしい。\n#～イルヴァ幻想辞典～,,,昔のお金だ。投げ銭に使える。\n#～鑑定報告書：＜秘宝＞カテゴリ～,1,35000,701,796,50,,1,5,10,20,,,111,,10,,,,500
795,24000,24020,複数の銃身を回転・発砲させることで発射時の摩擦熱を緩和し、より連射性能を高めることに成功した機関銃の一種。だが発射時の反動および振動を抑えるため意図的に少し連射速度が下げられている。\n#～イルヴァ幻想辞典～,,,とても重い機関銃だ。\n#～鑑定報告書：＜秘宝＞カテゴリ～,1,72000,416,795,52000,,10,6,1,60,,,110,,25,,,,500
794,10000,10010,凄まじい切れ味を持つチェーンソー。神すらもバラバラにしかねない。\n#～イルヴァ幻想辞典～,,,神をも引き裂く鎖鋸だ。\n#～鑑定報告書：＜秘宝＞カテゴリ～,1,80000,548,794,20000,,4,10,15,-20,,,102,,20,,,,500
793,10000,10007,帯電した杭状の槍を射突して対象を殺傷する武器。非常に扱いづらく、こんなものを好き好んで使うのは重度のマニ信者かロマンチストくらいであろう。\n#～イルヴァ幻想辞典～,,,機械駆動で全てを打ち貫く強力な槍だ。\n#～鑑定報告書：＜秘宝＞カテゴリ～,1,72000,700,793,34000,,1,150,,-65,,,104,,9,,,,500
791,10000,10001,巨大な大剣。あまりに大きく、分厚く、重く、大雑把で、もはや剣というよりは鉄塊といったほうが適切である。\n#～イルヴァ幻想辞典～,,,ドラゴンすらも確実に仕留める巨大な大剣だ。\n#～鑑定報告書：＜秘宝＞カテゴリ～,1,72000,697,791,22500,,3,15,20,-25,-42,30,100,,9,,,,500
788,24000,24001,生物の骨を削り出したものを基礎に、他の素材を重ね合わせることで柔軟さと強靭さを兼ね合わせた短弓。引き絞る際に余計な力がかからないように加工された優れた逸品だ。\n#～明日から使えるあなたの為の武具集～,,,骨を加工した弓だ。\n#～鑑定報告書：＜武器＞カテゴリ～,1,900,402,788,700,,1,17,10,-18,,,108,,1000,,,,0
781,10000,10003,食材を捌く為に用いられる小型の短刀。本来の用途は家庭用だが刃はしっかり研がれている為、戦闘に使うこともできるだろう。\n#～料理を支える脇役達～,,,主に調理に用いられる短剣だ。\n#～鑑定報告書：＜武器＞カテゴリ～,1,700,546,781,400,,1,14,1,5,,,101,,1000,,,,0
759,10000,10002,燦然と光り輝く刀身を持つ異様な長剣。製法は全くの不明だが、聞くところによると異世界の騎士が一人前になる際に、自らの力を示す為一人で作り上げるのだという。\n#～イルヴァ幻想辞典～,,,光り輝く刀剣だ。\n#～鑑定報告書：＜武器＞カテゴリ～,1,4800,671,759,600,,2,5,1,1,,,100,,8,,,,0
758,24000,24020,弾を込める作業を機械化することに成功した拳銃を改良したもの。悠久の時を経、残念ながら改良元は全て失われてしまったが、この銃だけは未だ健在である。\n#～イルヴァ幻想辞典～,,,見えない者さえ打ちぬく拳銃だ。\n#～鑑定報告書：＜秘宝＞カテゴリ～,1,25000,419,758,950,,1,24,26,14,,,110,,10,,,,500
757,12000,12001,前方に突き出た角が特徴の黒々と光った兜。一本の角だけ異常に長いのは、考案元の生物の特徴をそのまま真似たからだと言われている。\n#～イルヴァ幻想辞典～,,,攻撃的な性能を持った兜だ。\n#～鑑定報告書：＜秘宝＞カテゴリ～,1,15000,480,757,2400,,,,8,,2,7,,,20,,,,500
743,14000,14003,エーテル風で沈んだクイーン・セドナ号の一部。盾として使えないこともないが防御力は心もとない。水に浮くが、溺れている人間一人を支えるのが限界である。\n#～イルヴァ幻想辞典～,,,船に使われていた木の板だ。\n#～鑑定報告書：＜盾＞カテゴリ～,1,7500,702,743,500,,,,,,1,1,168,,43,,,,500
741,10000,10002,竜を撃退する為に作られた特殊な刀剣。その刀身は鮮血に濡れているかの如く怪しく光り、電撃を生じる程の鋭い一撃で、日夜竜を屠っているのだという。\n#～イルヴァ幻想辞典～,,,竜に絶大な効果を持つ刀だ。\n#～鑑定報告書：＜秘宝＞カテゴリ～,1,40000,501,741,2500,,6,6,2,3,,,100,,20,,,,500
739,10000,10006,巨大な猫の尻尾の彫像、と見紛う程の杖。人では振るえない程の重さだが、使いこなす者が現れた時この武器は使用者に比類なき魔力を授けるだろう。それと少しばかりの気まぐれを。\n#～イルヴァ幻想辞典～,,,強大な魔力を秘めた非常に重い杖だ。\n#～鑑定報告書：＜秘宝＞カテゴリ～,1,30000,425,739,376500,,25,16,32,-460,,,105,,8,,,,500
735,10000,10011,柄の長い大きな鎌。刃は鎌より湾曲していないが、柄を両手で掴み、勢いよく振るうことで敵の戦意と部位を刈り取っていくという。\n#～明日から使えるあなたの為の武具集～,,,大きく湾曲した刃を持った刀剣だ。\n#～鑑定報告書：＜武器＞カテゴリ～,1,500,421,735,4000,,1,17,4,3,,,107,,1000,,,,0
728,19000,19001,古の金属を鱗状に繋ぎ合せた腰当。特殊な赤い薬品が塗ってあり、装備した者の所持品と肉体を守ってくれるという。\n#～イルヴァ幻想辞典～,,,出血と炎上を防ぐ腰当だ。\n#～鑑定報告書：＜防具＞カテゴリ～,1,15000,474,728,1250,,,,,,2,15,,,7,,,,500
727,14000,14003,表面に大小様々な棘が付けられた見るからに痛そうな盾。身を守るには少々力不足だが、これを力一杯叩きつけられた時、哀れな敵は苦痛に悶絶することとなろう。\n#～明日から使えるあなたの為の武具集～,,,出血を促す盾だ。\n#～鑑定報告書：＜防具＞カテゴリ～,1,17500,453,727,950,,,,14,,,1,168,,33,,,,500
726,14000,14003,古の時代、素晴らしい音色を響かせていたとされるリュート。しかし今日においてそれは単に経年を感じさせない非常に強固な木材を元にした優れた盾として扱われ、最早当時の様な音色を響かせることはないだろう。\n#～イルヴァ幻想辞典～,,,鉄壁を誇る楽器の形状の盾だ。\n#～鑑定報告書：＜盾＞カテゴリ～,1,7500,393,726,2850,,,,,,-1,35,168,,43,,,,500
725,24000,24030,楽器とは名ばかりの投擲武器。巨大な金塊と見紛うべきそれは、かつて幾多の演奏者を屠ってきたのだという。\n#～イルヴァ幻想辞典～,,,暗殺用の重いピアノだ。\n#～鑑定報告書：＜武器＞カテゴリ～,1,25000,76,725,75000,,1,112,,-28,,,111,,32,,,,500
719,10000,10001,飾り気のない巨大な銀の十字剣。刀身に謎の刻印がされている以外一切の装飾はなく、単純に敵を切り払うことのみに特化したその作りは、一種の畏怖さえも感じる。\n#～イルヴァ幻想辞典～,,,非常に大きく武骨な大剣だ。\n#～鑑定報告書：＜秘宝＞カテゴリ～,1,45000,698,719,6500,,3,14,16,1,,,100,,25,,,,500
718,24000,24030,前面に小さいリボンをあしらった可愛らしい清楚な布切れ。往々にして本人ではなく他の誰かが所持しているが、そのことについて気付いていないのはシーナ本人だけであるという。\n#～情報屋ウィーゼムの調べた情報～,,「炭鉱街を訪れた際、私は恋に落ちた。しかし話しかける勇気はなく、代わりに去る高名な盗賊に頼んでこれを手に入れたのさ。これで私と彼女はいつでも一緒。どうだ、うらやましいだろう！」\n#～貴族のラスター、最後の言葉～,シーナの使用していた下着だ。\n#～鑑定報告書：＜武器＞カテゴリ～,1,94000,630,718,250,,1,47,4,7,,,111,,2,,,,500
716,24000,24030,アダマンタイト鉱石の欠片。比較的粗悪な部類なので装飾品にもならず、こうして投擲武器として使うのが関の山である。\n#～イルヴァ幻想辞典～,,,重い石ころ。装備することができる。\n#～鑑定報告書：＜廃品＞カテゴリ～,1,9500,424,716,7500,,1,42,,,,,111,,31,,,,500
714,24000,24030,投擲用に作られた小型の爆弾。弓なりに着弾した後、大規模な範囲で爆散する為影響は広範囲に与えられるが、同時に敵味方構わず威力を奮うので扱いには注意が必要だ。\n#～明日から使えるあなたの為の武具集～,,,着弾すると周囲に爆風を起こす投擲用武器だ。\n#～鑑定報告書：＜武器＞カテゴリ～,1,1200,537,714,850,,1,6,,,,,111,,1000,,,,0
713,24000,24030,異国の諜報組織が用いる、刃のある投擲武器。形は千差万別だが、どの武器にも満遍なく止血を遅らせる毒が塗られており、当たった相手に出血を被らせるという。\n#～明日から使えるあなたの為の武具集～,,,相手に出血を起こさせる投擲用武器だ。\n#～鑑定報告書：＜武器＞カテゴリ～,1,1200,536,713,400,,1,20,,4,,,111,,1000,,,,0
695,10000,10010,まるで血塗られているかの如く赤き大斧。そこから繰り出される一撃は、どんなものでも貫き砕くという。\n#～イルヴァ幻想辞典～,,,クリティカルが出やすい大斧だ。\n#～鑑定報告書：＜秘宝＞カテゴリ～,1,50000,399,695,14000,,1,70,,-35,,,102,,15,,,,500
679,10000,10005,堂々たる風格を持った巨大で重い槌。その槌を振るう姿は、さながら大地の神が顕現しているかのようだ。\n#～イルヴァ幻想辞典～,,,大地の神から下賜される大槌だ。\n#～鑑定報告書：＜秘宝＞カテゴリ～,1,35000,504,679,6500,,2,30,2,-3,,,103,,31,,,,500
678,10000,10003,古来から幸運の証であるミカを削り出して作られた短剣。一説によれば幸運の女神が魚を捌く際、誤って地上に落としたものだと言われている。\n#～イルヴァ幻想辞典～,,,幸運の女神から下賜される短剣だ。\n#～鑑定報告書：＜秘宝＞カテゴリ～,1,35000,400,678,400,,4,6,18,13,18,13,101,,21,,,,500
677,10000,10007,一片の曇りも無い聖なる槍。一度敵を突けば、あなたはそこに癒しの女神の力の片鱗を見ることとなるだろう。\n#～イルヴァ幻想辞典～,,,癒しの女神から下賜される槍だ。\n#～鑑定報告書：＜秘宝＞カテゴリ～,1,35000,415,677,4400,,7,5,11,12,4,,104,,25,,,,500
676,10000,10006,三種の宝石が飾り付けられた黒い杖。宝石それぞれが元素の象徴とされ、それは扱う者の魔法力を飛躍的に増大させるのだという。\n#～イルヴァ幻想辞典～,,,元素の神から下賜される杖だ。\n#～鑑定報告書：＜秘宝＞カテゴリ～,1,35000,425,676,900,,1,14,2,6,11,4,105,,20,,,,500
675,10000,10011,農業を営む者でこのお伽噺を知らぬ者はいないだろう。かつて日照り続きで作物が取れなかった頃、どこからともなくそれは現れ、やがて周辺が緑に覆われたという話を。\n#～イルヴァ幻想辞典～,,,収穫の神から下賜される大鎌だ。\n#～鑑定報告書：＜秘宝＞カテゴリ～,1,35000,421,675,850,,1,38,2,5,,,107,,14,,,,500
674,24000,24020,銃の名工が作り上げたとされる、光に乱反射する散弾銃。銃口から勢いよく放出される特殊な硝煙は、詠唱を妨げる特殊な力を持つという。\n#～イルヴァ幻想辞典～,,,機械の神から下賜される散弾銃だ。\n#～鑑定報告書：＜秘宝＞カテゴリ～,1,35000,822,674,2800,,8,9,2,7,,,110,,13,,,,500
673,24000,24001,未知の素材でできた長弓。身に付けた者に風の加護を与え、一度弓引けばそこに風の女神の姿を見るという。\n#～イルヴァ幻想辞典～,,,風の神から下賜される長弓だ。\n#～鑑定報告書：＜秘宝＞カテゴリ～,1,35000,404,673,800,,2,23,11,4,,,108,,8,,,,500
661,18000,18002,革で作られたしっかりとした靴。思ったより足に馴染み、長旅における唯一無二の友となるだろう。\n#～イルヴァ幻想辞典～,,,旅の歩みを早める靴だ。\n#～鑑定報告書：＜防具＞カテゴリ～,1,25000,459,661,650,,,,,,16,7,,,1,,,,500
633,24000,24030,乙女の為に専用の職人が織り上げたという「武器」。何故下着が武器となるのか、それは食らってみれば自ずと理解できるだろう。\n#～明日から使えるあなたの為の武具集～,,,女性の着用していた下着だ。\n#～鑑定報告書：＜武器＞カテゴリ～,1,13000,630,633,500,,1,35,,,,,111,,1001,,,,0
627,12000,12001,賢者がより高みを目指す為に製作した兜。身につけることで知識が深まり、本来見えない存在まで見ることができるという。\n#～イルヴァ幻想辞典～,,,見えない者を見ることができる兜だ。\n#～鑑定報告書：＜秘宝＞カテゴリ～,1,40000,480,627,1500,,,,,,4,15,,,7,,,,500
581,56000,56000,特定の魔法が封じ込められた杖。不透明な白い球状をした宝石が取り付けられている。\n#～魔具全典～,,,振ることで近距離に扉を作り出す魔法の杖だ。\n#～鑑定報告書：＜魔道具＞カテゴリ～,1,2000,471,581,400,6 + rnd(6) - rnd(6),,,,,,,,,,,,,0
570,56000,56000,特定の魔法が封じ込められた杖。透明の中に赤い色が混ざり込んだ宝石が取り付けられている。\n#～魔具全典～,,,振ることで対象に炎の壁を作り出す魔法の杖だ。\n#～鑑定報告書：＜魔道具＞カテゴリ～,1,3800,471,570,400,8 + rnd(8) - rnd(8),,,,,,,,,,,,,0
565,56000,56000,特定の魔法が封じ込められた杖。宝石が付いておらず、先の尖った長細い棒の様である。\n#～魔具全典～,,,振ることで対象に酸の海を作り出す魔法の杖だ。\n#～鑑定報告書：＜魔道具＞カテゴリ～,1,4400,471,565,400,8 + rnd(8) - rnd(8),,,,,,,,,,,,,0
557,20000,20001,異形の森から巻き起こる忌むべき風を防ぐという外套。あくまでも風による変異を防ぐ為の物なので、日常的な変異や雨風はしのげないだろう。\n#～イルヴァ幻想辞典～,,,エーテルの嵐から身を守る外套だ。\n#～鑑定報告書：＜防具＞カテゴリ～,1,13000,422,557,400,,,,,,7,3,,,1001,,,,0
556,18000,18002,長距離を一瞬で駆け抜けることができる魔法が掛けられた靴。その話は伊達ではなく、さる高名な行商人はこの靴のお陰で世界を股にかけ、現在の地位を手に入れたのだとか。\n#～イルヴァ幻想辞典～,,,旅の歩みを非常にはやめる靴だ。\n#～鑑定報告書：＜防具＞カテゴリ～,1,13000,460,556,300,,,,,,7,2,,,1001,,,,0
552,20000,20001,コウモリの羽を模した装具。背中の攻撃を防ぐことができるが、あくまでも外見を彩る為に作られている。尚、微小ながら宙に浮くといった効果も持つ。\n#～明日から使えるあなたの為の武具集～,,,背中に付ける羽飾りだ。\n#～鑑定報告書：＜防具＞カテゴリ～,1,8000,326,552,500,,,,,,4,6,,,1000,,,,0
551,56000,56001,特定の魔法が封じ込められた杖。絡みあった蔦のような模様が彫り込まれている。\n#～魔具全典～,,,振ることで自分、または隣接者のHPを回復する魔法の杖だ。\n#～鑑定報告書：＜魔道具＞カテゴリ～,1,5600,471,551,400,3 + rnd(3) - rnd(3),,,,,,,,,,,,,0
545,56000,56003,特定の魔法が封じ込められた杖。鉱物のように光る宝石が取り付けられている。\n#～魔具全典～,,,振ることで対象に壁を作り出す魔法の杖だ。\n#～鑑定報告書：＜魔道具＞カテゴリ～,1,4000,471,545,400,7 + rnd(7) - rnd(7),,,,,,,,,,,,,0
520,20000,20001,鳥の羽を模した装具。背中の攻撃を防ぐことができるが、あくまでも外見を彩る為に作られている。尚、微小ながら宙に浮くといった効果も持つ。\n#～明日から使えるあなたの為の武具集～,,,背中に付ける羽飾りだ。\n#～鑑定報告書：＜防具＞カテゴリ～,1,4500,522,520,500,,,,,,9,,,,1001,,,,0
518,56000,56003,特定の魔法が封じ込められた杖。自分の尾を咥えた竜が彫り込まれている。\n#～魔具全典～,,,振ることで指定したアイテムを再構築する魔法の杖だ。\n#～鑑定報告書：＜魔道具＞カテゴリ～,1,6000,471,518,400,3 + rnd(3) - rnd(3),,,,,,,,,,,,,0
517,56000,56004,特定の魔法が封じ込められた杖。神聖幾何学模様が彫り込まれている。\n#～魔具全典～,,,振ることで対象を再構築する魔法の杖だ。\n#～鑑定報告書：＜魔道具＞カテゴリ～,1,4500,471,517,400,4 + rnd(4) - rnd(4),,,,,,,,,,,,,0
514,24000,24021,高速化された物質を射出する超重量装置。複雑な機構もさることながら、特殊な素材を加工することで軽量化に成功している。しかしどちらも現在では失われた技術の為、量産することは不可能だろう。\n#～イルヴァ幻想辞典～,,,様々な魔法効果を持つ光子銃だ。\n#～鑑定報告書：＜秘宝＞カテゴリ～,1,60000,823,514,8500,,4,10,15,-20,,,110,,8,,,,500
513,25000,25030,高エネルギー体を特殊な技術で銃弾へと加工したもの。使用するには専用の銃器が必要だ。\n#～明日から使えるあなたの為の武具集～,,,銃と共に装備する武器だ。\n#～鑑定報告書：＜武器＞カテゴリ～,1,150,521,513,800,,2,3,1,,,,110,,1000,,,,0
512,24000,24021,特殊な弾丸を装填することで、発射孔から質量のある光線を発射する銃器。距離が延びるごとに威力が衰える他の射撃武器とは違い、殆ど威力が衰えない優れものだ。\n#～明日から使えるあなたの為の武具集～,,,距離による減衰が殆どない銃器だ。\n#～鑑定報告書：＜武器＞カテゴリ～,1,1200,520,512,1200,,2,11,4,4,,,110,,1000,,,,0
496,24000,24020,広域に飛散する弾を発射する為の銃器。近距離においては比類なき威力を発揮するが、離れるにつれその威力が加速度的に落ちるので扱いには注意が必要だ。\n#～明日から使えるあなたの為の武具集～,,,有効射程が短い銃器だ。\n#～鑑定報告書：＜武器＞カテゴリ～,1,700,514,496,1500,,4,8,6,4,,,110,,1000,,,,0
485,56000,56004,特定の魔法が封じ込められた杖。杖の部分に格子状の模様が刻み込まれている。\n#～魔具全典～,,,振ることで対象に蜘蛛の巣を張る魔法の杖だ。\n#～鑑定報告書：＜魔道具＞カテゴリ～,1,3500,471,485,400,8 + rnd(8) - rnd(8),,,,,,,,,,,,,0
483,25000,25002,機械弓に用いられる四角い矢じりのついた細い棒状の矢弾。重量はあるが、機械弓に装填できるのはこれのみである。\n#～明日から使えるあなたの為の武具集～,,,機械弓と共に装備する武器だ。\n#～鑑定報告書：＜武器＞カテゴリ～,1,150,412,483,3500,,1,8,1,2,,,109,,1000,,,,0
482,24000,24003,簡単に矢を発射できるように考案された弓。熟練を要することなく誰にでも扱えるのが利点だが、逆に装填準備にかなりの力と時間がかかってしまう為、一長一短といえよう。\n#～明日から使えるあなたの為の武具集～,,,クロスボウの矢束と共に装備する射撃武器だ。\n#～鑑定報告書：＜武器＞カテゴリ～,1,500,498,482,2800,,1,22,6,4,,,109,,1000,,,,0
480,56000,56000,特定の魔法が封じ込められた杖。生き物の目の様な巨大な紫色の宝石が取り付けられている。\n#～魔具全典～,,,振ることで対象を支配下に置く魔法の杖だ。\n#～鑑定報告書：＜魔道具＞カテゴリ～,1,16000,471,480,400,2 + rnd(2) - rnd(2),,,,,,,,,,,,,0
467,12000,12001,特殊な素材をかけ合わせてより強固な防護を得た兜。素材の持つ長所を生かし、短所を補うといったこれらのパターンは多く見られるが、重量という無二の短所を補った逸品は少ないようだ。\n#～明日から使えるあなたの為の武具集～,,,固い兜だ。\n#～鑑定報告書：＜防具＞カテゴリ～,1,8600,482,467,1800,,,,,,5,8,,,1000,,,,0
466,12000,12001,頭部を守る為に作られた防具。帽子より防護する範囲が広くなったが当然重量は増している。長時間使用していて肩凝りになった、などという笑い話もあるようだ。\n#～明日から使えるあなたの為の武具集～,,,頭部を守る為の防具だ。\n#～鑑定報告書：＜防具＞カテゴリ～,1,600,479,466,1600,,,,,,3,5,,,1000,,,,0
465,12000,12001,騎士用に作られた格調高い兜。使う者に合わせ、趣向を凝らした彫金と飾りが付けられているが、単なる儀礼用ではなく、一定の防護も備わっている。\n#～明日から使えるあなたの為の武具集～,,,騎士用の兜だ。\n#～鑑定報告書：＜防具＞カテゴリ～,1,2200,480,465,2000,,,,,,1,7,,,1000,,,,0
464,12000,12001,通常のものより厚めに作られた兜。防御力は確かに上がっているが、その分重量を犠牲にしている為身につける際には注意が必要だ。\n#～明日から使えるあなたの為の武具集～,,,重量がある兜だ。\n#～鑑定報告書：＜防具＞カテゴリ～,1,4800,481,464,2400,,,,,,4,7,,,1000,,,,0
463,12000,12002,鳥類の羽飾りがついたお洒落な帽子。吟遊詩人が良く身につけているが、それは彼らが自らの歌声を鳥のそれになぞらえているからだとか。\n#～明日から使えるあなたの為の武具集～,,,羽のついた帽子だ。\n#～鑑定報告書：＜防具＞カテゴリ～,1,400,413,463,500,,,,,,5,1,,,1001,,,,0
462,20000,20001,体に巻きつけるゆったりとした布生地。幾多の素材を織り込むことで布自体の強度を増している。\n#～明日から使えるあなたの為の武具集～,,,背中に羽織る防具だ。\n#～鑑定報告書：＜防具＞カテゴリ～,1,3500,476,462,1500,,,,,,7,3,,,1001,,,,0
461,20000,20001,素材を織り込んだ布の裏に固い金属を張り付けた外套。身に纏うことで幾らかの攻撃を防ぐことができる。\n#～明日から使えるあなたの為の武具集～,,,戦闘用に加工された外套だ。\n#～鑑定報告書：＜防具＞カテゴリ～,1,1400,475,461,1800,,,,,,5,4,,,1001,,,,0
460,19000,19001,何層も重ねることで防護を上げた腰当。重量が増した上、重なった部位と部位とがぶつかり騒音をもたらすという弊害もある。\n#～明日から使えるあなたの為の武具集～,,,幾つも連なった腰当だ。\n#～鑑定報告書：＜防具＞カテゴリ～,1,3900,474,460,1400,,,,,,3,6,,,1000,,,,0
459,19000,19001,特殊な素材をかけ合わせてより強固な防護を得た腰当。素材の長所を伸ばした結果か、通常のものより軽めに仕上がっている。\n#～明日から使えるあなたの為の武具集～,,,固い腰当だ。\n#～鑑定報告書：＜防具＞カテゴリ～,1,2400,474,459,650,,,,,,5,3,,,1000,,,,0
458,18000,18001,足から脚まですっぽりと覆った靴。隙も漏らさぬその構造は完璧な防護を図るが、やはりそういった類のものはどれも重いようだ。\n#～明日から使えるあなたの為の武具集～,,,鎧状に作られた靴だ。\n#～鑑定報告書：＜防具＞カテゴリ～,1,4800,461,458,1400,,,,,,,6,,,1000,,,,0
457,18000,18002,しっかりと作られた靴。その丁寧な作りは、職人の強い思いが感じられる。\n#～明日から使えるあなたの為の武具集～,,,分厚い靴だ。\n#～鑑定報告書：＜防具＞カテゴリ～,1,3500,459,457,650,,,,,,6,3,,,1001,,,,0
456,18000,18002,足をすっぽりと覆った履物。戦闘用にはやや心もとないが、日常的に使用するにはこれくらいで十分だ。\n#～明日から使えるあなたの為の武具集～,,,足先を守る防具だ。\n#～鑑定報告書：＜防具＞カテゴリ～,1,1500,473,456,450,,,,,,5,2,,,1001,,,,0
455,18000,18002,足を守る為に簡易的に作られた防具。戦闘用にはやや心もとないが、日常的に使用するにはこれくらいで十分だ。\n#～明日から使えるあなたの為の武具集～,,,足を接地面から守る簡素な防具だ。\n#～鑑定報告書：＜防具＞カテゴリ～,1,260,473,455,250,,,,,,3,1,,,1001,,,,0
454,14000,14003,非常に分厚く作られた盾。当然ながら重量は半端なものではなく、一度地に落としたら手元に戻すのに数人の力が必要とさえいわれている。\n#～明日から使えるあなたの為の武具集～,,,非常に重い盾だ。\n#～鑑定報告書：＜防具＞カテゴリ～,1,8000,458,454,2400,,,,,,-1,10,168,,1000,,,,0
453,14000,14003,大きな長方形をした盾。体を覆う程の大きさを誇る為、敵を遮蔽する為の簡易壁ともなるがその分弊害も多く、扱うには熟練を要するという。\n#～明日から使えるあなたの為の武具集～,,,長い盾だ。\n#～鑑定報告書：＜防具＞カテゴリ～,1,7000,457,453,3500,,,,,,-3,13,168,,1000,,,,0
452,14000,14003,特殊な素材をかけ合わせてより強固な防護を得た盾。やや重いという欠点はあるが、それに有り余る効果を発揮してくれるだろう。\n#～明日から使えるあなたの為の武具集～,,,固い盾だ。\n#～鑑定報告書：＜防具＞カテゴリ～,1,6000,456,452,1400,,,,,,2,8,168,,1000,,,,0
451,14000,14003,攻撃を防ぐために考案された防具。鎧と違い自らの手に持つことで、襲いかかる暴力に相対することができる。\n#～明日から使えるあなたの為の武具集～,,,手に装備するタイプの防具だ。\n#～鑑定報告書：＜防具＞カテゴリ～,1,2500,455,451,1000,,,,,,3,6,168,,1000,,,,0
450,14000,14003,中心に重心が取り付けられた丸型の盾。その特異な丸型は、戦地へ赴く際に地面に当たって歩行が阻害されぬよう考えだされた結果だと言われている。\n#～明日から使えるあなたの為の武具集～,,,丸い盾だ。\n#～鑑定報告書：＜防具＞カテゴリ～,1,1200,454,450,1500,,,,,,4,5,168,,1000,,,,0
449,14000,14003,通常のものより小型の盾。腕に装着することで、携行の不便さとそれに伴った重量の軽量化に成功しているが、その代わり防御に使える範囲はかなり狭まっている。\n#～明日から使えるあなたの為の武具集～,,,軽装向けの盾だ。\n#～鑑定報告書：＜防具＞カテゴリ～,1,500,453,449,1200,,,,,,3,4,168,,1000,,,,0
448,22000,22001,特殊な素材をかけ合わせてより強固な防護を得た篭手。主に甲冑に合わせて身につけるものとされる。\n#～明日から使えるあなたの為の武具集～,,,固い篭手だ。\n#～鑑定報告書：＜防具＞カテゴリ～,1,950,452,448,1300,,,,2,4,3,5,,,1000,,,,0
447,22000,22003,肌にぴったりくっつくように作られた手袋。非常に軽く、付けていることを忘れてしまうほどだ。\n#～明日から使えるあなたの為の武具集～,,,薄めの手袋だ。\n#～鑑定報告書：＜防具＞カテゴリ～,1,280,451,447,200,,,,,3,3,3,,,1001,,,,0
446,22000,22001,何より防護に重点を置いて作られた武骨な小手。やや重いがそれでも尚余りある性能を持っている。\n#～明日から使えるあなたの為の武具集～,,,非常に重い篭手だ。\n#～鑑定報告書：＜防具＞カテゴリ～,1,1800,414,446,1800,,,,3,3,3,7,,,1000,,,,0
445,22000,22003,防寒具的な意味合いも持つ防具。それだけでなく、武器の滑り止めとしての効果も少なからず持つという。\n#～明日から使えるあなたの為の武具集～,,,掌にぴったり装着する防具だ。\n#～鑑定報告書：＜防具＞カテゴリ～,1,800,448,445,450,,,,1,5,5,4,,,1001,,,,0
444,16000,16003,服の中に多数の素材片を埋め込み強化を図った防具。イェルスの民には日常的にこの服を着ている変わり者もいるらしい。\n#～明日から使えるあなたの為の武具集～,,,銃弾を防ぐために作られた服だ。\n#～鑑定報告書：＜防具＞カテゴリ～,1,7200,447,444,1600,,,,,,14,15,,,1001,,,,0
443,16000,16003,胴に板状の素材をくくりつけた防具。素材そのままを使っている為、使う種類が性能に直結しているが、それは即ち重量もそれに直結しているということなので素材選びには十分注意しよう。\n#～明日から使えるあなたの為の武具集～,,,前面に金属が付けられた服だ。\n#～鑑定報告書：＜防具＞カテゴリ～,1,5500,446,443,2800,,,,,,15,11,,,1001,,,,0
442,16000,16003,服の中に素材片を埋め込み強化を図った防具。一見すると通常の服に見える為、洒落た冒険者が装備していることがままある。\n#～明日から使えるあなたの為の武具集～,,,攻撃を防ぐために作られた服だ。\n#～鑑定報告書：＜防具＞カテゴリ～,1,2000,445,442,1500,,,,,,13,9,,,1001,,,,0
441,16000,16003,特定の部位にのみ金属を張り付けた鎧。軽い為に素早く、かつ柔軟に動くことができるが頑強さは失われている。厚鎧とどちらを取るかは冒険者の好みと言ったところだろう。\n#～明日から使えるあなたの為の武具集～,,,軽い鎧だ。\n#～鑑定報告書：＜防具＞カテゴリ～,1,1200,444,441,1800,,,,,,10,8,,,1001,,,,0
440,16000,16003,より高位のものが身につける為に織られた法衣。多少重くはなったがそれでも鎧よりは軽い防具だ。様々な刺繍や特殊な織り方で整えられた結果、法衣より堅固なものとなっている。\n#～明日から使えるあなたの為の武具集～,,,法王のために作られた服だ。\n#～鑑定報告書：＜防具＞カテゴリ～,1,8000,443,440,1200,,,,,,18,8,,,1001,,,,0
439,16000,16001,鱗のような小さな素材片を紐で繋ぎ合せて作られた鎧。その構造から柔軟である上、強固であるという特性を持つ。\n#～明日から使えるあなたの為の武具集～,,,薄片を束ねて作った鎧だ。\n#～鑑定報告書：＜防具＞カテゴリ～,1,7000,442,439,5200,,,,,,7,19,,,1000,,,,0
438,16000,16001,特殊な素材をかけ合わせてより強固な防護を得た鎧。服の上からベストの様に着込むことができる利便性を持つ。\n#～明日から使えるあなたの為の武具集～,,,固い鎧だ。\n#～鑑定報告書：＜防具＞カテゴリ～,1,4500,441,438,5500,,,,,,7,17,,,1000,,,,0
437,16000,16001,布でできた鎧に幾つもの輪を縫い合わせた鎧。表面上の多数の輪には、剣の一撃を弾く特性があるという。\n#～明日から使えるあなたの為の武具集～,,,輪を束ねて作った鎧だ。\n#～鑑定報告書：＜防具＞カテゴリ～,1,2400,440,437,5000,,,,,,6,14,,,1000,,,,0
436,16000,16001,鎖帷子の上に甲冑を重ねた見るからに重そうな鎧。防御力は絶大なものがあるが、代償として相当な重量は覚悟した方がいいだろう。\n#～明日から使えるあなたの為の武具集～,,,非常に重い鎧だ。\n#～鑑定報告書：＜防具＞カテゴリ～,1,9000,410,436,7500,,,,,,6,21,,,1000,,,,0
435,16000,16001,非常に分厚く作られた鎧。層が厚い為、並大抵の攻撃は物ともしないが、代わりに素早さが失われている。軽鎧とどちらを取るかは冒険者の好みと言ったところだろう。\n#～明日から使えるあなたの為の武具集～,,,分厚い鎧だ。\n#～鑑定報告書：＜防具＞カテゴリ～,1,1500,409,435,6500,,,,,,5,12,,,1000,,,,0
412,56000,56001,特定の魔法が封じ込められた杖。細かい文字のような模様が彫り込まれている。\n#～魔具全典～,,,振ることで自分、または隣接者の持つアイテムの呪いを解く魔法の杖。\n#～鑑定報告書：＜魔道具＞カテゴリ～,1,3800,471,412,400,3 + rnd(3) - rnd(3),,,,,,,,,,,,,0
391,56000,56001,特定の魔法が封じ込められた杖。八面体に整えられた深紅の宝石が取り付けられている。\n#～魔具全典～,,,振ることで自分のＭＰを回復する魔法の杖だ。\n#～鑑定報告書：＜魔道具＞カテゴリ～,1,4100,471,391,400,4 + rnd(4) - rnd(4),,,,,,,,,,,,,0
385,56000,56001,特定の魔法が封じ込められた杖。冷たさを感じさせる青い宝石が取り付けられている。\n#～魔具全典～,,,振ることで自分、または隣接者に呪いに対する抵抗を得る衣を張る魔法の杖だ。\n#～鑑定報告書：＜魔道具＞カテゴリ～,1,3600,471,385,400,6 + rnd(6) - rnd(6),,,,,,,,,,,,,0
377,56000,56001,特定の魔法が封じ込められた杖。不透明な青い宝石が取り付けられている。\n#～魔具全典～,,,振ることで自分、または隣接者を一定時間加速状態にする魔法の杖だ。\n#～鑑定報告書：＜魔道具＞カテゴリ～,1,4200,471,377,400,8 + rnd(8) - rnd(8),,,,,,,,,,,,,0
366,56000,56004,特定の魔法が封じ込められた杖。黒く濁った宝石が取り付けられている。\n#～魔具全典～,,,振ることで対象を沈黙状態にする魔法の杖だ。\n#～鑑定報告書：＜魔道具＞カテゴリ～,1,1080,471,366,400,7 + rnd(7) - rnd(7),,,,,,,,,,,,,0
359,10000,10007,地獄の炎で鍛え上げられたとされる驚異の槍。鍛えるにつれ徐々に地獄の力を吸い込んだこの槍は、振るわれることで地獄の門を開くのだという。\n#～イルヴァ幻想辞典～,,,地獄の力を持った鉾槍だ。\n#～鑑定報告書：＜秘宝＞カテゴリ～,1,30000,426,359,2000,,8,4,11,2,6,,104,,10,,,,500
358,10000,10006,闇に堕ちた者のみ手にする資格があるとされる杖。そこには過去の所有者達の魂が込められているとされ、攻撃の際にそれはしばしば悪夢となって降りかかる。\n#～イルヴァ幻想辞典～,,「過去、破滅を望んだ魔道士が手にした杖と聞いているよ。あの頃はなんて愚かしい人間がいたものだと笑っていたが、今なら気持ちが何となくわかる気がする。彼もきっと失いすぎたのだろうね」\n#～悩める魔術士『レントン』の言葉～,相手の精神を崩壊させる杖だ。\n#～鑑定報告書：＜秘宝＞カテゴリ～,1,30000,425,358,2500,,1,8,2,-5,15,3,105,,20,,,,500
356,10000,10004,血塗られた満月のような鉄球が取り付けられた棍棒。その球体には相手の精神を吸収し、その力を火炎へと還元する魔法がかけられているという。\n#～イルヴァ幻想辞典～,,,相手のマナを吸い取る棍棒だ。\n#～鑑定報告書：＜秘宝＞カテゴリ～,1,30000,427,356,1800,,3,5,22,8,,,103,,10,,,,500
355,22000,22003,火炎竜を素材に用いたと言われる篭手。噂に違わず常に炎に包まれているが、着用者は燃えるどころか、熱ささえ感じないという。\n#～イルヴァ幻想辞典～,,,貫通能力に長けた篭手だ。\n#～鑑定報告書：＜秘宝＞カテゴリ～,1,40000,414,355,1200,,,,,,5,30,,,7,,,,500
290,56000,56000,特定の魔法が封じ込められた貴重な杖。猫の目の様な宝石が取り付けられている。\n#～魔具全典～,,,振ることで願いを言う機会が与えられる魔法の杖だ。\n#～鑑定報告書：＜魔道具＞カテゴリ～,1,300000,471,290,400,1 + rnd(1) - rnd(1),,,,,,,,,,,,,0
266,10000,10003,異国にて秘密裏に育った諜報組織が用いる、やや小振りながら手に馴染むよう加工された小剣。その刃は光に反射しないよう黒く染められているという。\n#～明日から使えるあなたの為の武具集～,,,特殊な集団が用いる短剣だ。\n#～鑑定報告書：＜武器＞カテゴリ～,1,500,432,266,700,,4,4,5,6,1,,101,,1000,,,,0
235,10000,10008,これ一本で斬る、突く、叩くといった多様な戦い方ができる槍。古代、人と人との戦いが絶えなかった頃、この武器は使い方同様、多様な人種によって使用されていたという。\n#～明日から使えるあなたの為の武具集～,,,複数の使い方ができる槍だ。\n#～鑑定報告書：＜武器＞カテゴリ～,1,500,426,235,3800,,2,10,1,-1,,,104,,1000,,,,0
234,10000,10010,戦斧より更に大きな刃を取り付けた斧。それはもはや長い棒に幅広の剣が取り付けてあるようにさえ見えるが、重量故斬るというより叩きつぶすように使うのが主らしい。樹木を伐採するのにも使える。\n#～明日から使えるあなたの為の武具集～,,,刃先の広い斧だ。\n#～鑑定報告書：＜武器＞カテゴリ～,1,500,399,234,3500,,1,20,5,-1,,,102,,1000,,,,0
232,10000,10001,両手で扱うことを前提とした巨大な剣。重量はあるが決してその重みに任せて敵を叩き潰すのではなく、断ち切ることを目的とする切れ味のよい武器である。\n#～明日から使えるあなたの為の武具集～,,,重量感ある剣だ。\n#～鑑定報告書：＜武器＞カテゴリ～,1,500,503,232,4000,,3,7,8,1,,,100,,1000,,,,0
231,24000,24020,連続発射する為に作られた銃身の長い銃器。大きさや重量から多少人を選ぶが、それでも弓とは違い格段に操作しやすいと言える。\n#～明日から使えるあなたの為の武具集～,,,距離による減衰が少ない銃器だ。\n#～鑑定報告書：＜武器＞カテゴリ～,1,500,547,231,1800,,10,3,1,10,,,110,,1000,,,,0
230,24000,24001,狩猟用として開発された全長が短めの弓。扱いには熟練を要するが、コツさえ掴めば狩人達の信頼おける友となり得るだろう。\n#～明日から使えるあなたの為の武具集～,,,近～中距離に適した弓だ。\n#～鑑定報告書：＜武器＞カテゴリ～,1,500,989,230,800,,3,5,3,8,,,108,,1000,,,,0
229,10000,10006,ある程度の長さを持った棒。特に刃も付いていないので殺傷性は低いが、その軽さから振り回したり、魔力を込める媒体として扱われることが多い。\n#～明日から使えるあなたの為の武具集～,,,細長い棒だ。\n#～鑑定報告書：＜武器＞カテゴリ～,1,500,505,229,800,,2,5,4,3,4,,105,,1000,,,,0
228,10000,10007,元々は魚を取る為に考え出された槍。柄の先が３つに分かれていることで相手に当たりやすくなる上、至近に受けた傷によって治癒を遅らせるという効果も考えられているようだ。\n#～明日から使えるあなたの為の武具集～,,,先が３つに分かれた槍だ。\n#～鑑定報告書：＜武器＞カテゴリ～,1,500,494,228,1800,,4,4,3,3,3,,104,,1000,,,,0
227,10000,10005,鍛冶用から戦闘用に加工された大型の槌。大きく振り上げた先から叩きつける一撃は、どんな敵も叩きつぶすという。\n#～明日から使えるあなたの為の武具集～,,,重量感ある槌だ。\n#～鑑定報告書：＜武器＞カテゴリ～,1,500,504,227,4200,,2,13,4,-3,,,103,,1000,,,,0
226,10000,10010,戦闘用に開発された斧。刃も大きめに作られた為重量を増し、結果として両手で扱わなければいけなくなっている。\n#～明日から使えるあなたの為の武具集～,,,戦闘用に加工された斧だ。\n#～鑑定報告書：＜武器＞カテゴリ～,1,500,500,226,3700,,1,18,7,1,,,102,,1000,,,,0
225,10000,10003,海にはびこる盗賊集団が扱う刃先が両刃の剣。戦場でも扱いやすい様、やや小振りの刀身で身幅が広く剣を防げるよう作られている。\n#～明日から使えるあなたの為の武具集～,,,刃が湾曲した短剣だ。\n#～鑑定報告書：＜武器＞カテゴリ～,1,500,502,225,900,,3,4,3,7,2,,101,,1000,,,,0
224,10000,10002,異国の戦闘集団が好んで用いたとされる長剣。独特の反りがあり、それぞれに独特の銘と刀工の魂が込められているという。\n#～明日から使えるあなたの為の武具集～,,,異国から来た細身の剣だ。\n#～鑑定報告書：＜武器＞カテゴリ～,1,500,431,224,1200,,4,4,6,,,,100,,1000,,,,0
213,10000,10007,長い柄の先に尖った切っ先を持つ武器。シンプルな構造ながら誰にでも扱うことができ、長い柄を活かして中距離で戦うことを可能にさせている。\n#～明日から使えるあなたの為の武具集～,,,細長い槍だ。\n#～鑑定報告書：＜武器＞カテゴリ～,1,500,401,213,2500,,3,5,4,2,,3,104,,1000,,,,0
212,10000,10006,魔法の補佐をする為に生まれた棒。武器とはおおよそ言い難い外見をしているが、それでも力一杯これで叩けば恐らく相手は昏倒することだろう。\n#～明日から使えるあなたの為の武具集～,,,魔法を補佐する為の棒だ。\n#～鑑定報告書：＜武器＞カテゴリ～,1,500,425,212,900,,1,8,3,4,4,,105,,1000,,,,0
211,10000,10011,本来は草などを刈る為に用いる武器。戦場においてこの武器は首を狩る為に用いられるので、恐怖の対象とされている。\n#～明日から使えるあなたの為の武具集～,,,農業用の用具だ。\n#～鑑定報告書：＜武器＞カテゴリ～,1,500,421,211,1400,,2,5,8,2,,,107,,1000,,,,0
210,24000,24030,路傍に転がる鉄の様に硬い小石を武器として幾つか集めたもの。投げられれば確かに痛いが、所詮小石なのでこけおどしにしか過ぎない。\n#～明日から使えるあなたの為の武具集～,,,投擲用武器だ。\n#～鑑定報告書：＜武器＞カテゴリ～,1,180,424,210,2000,,1,12,,,,,111,,10,,,,0
207,24000,24001,森の民の英知が詰まったとされる長弓。狙った獲物を逃がさぬよう、幾つかの工夫が凝らされているようだ。\n#～イルヴァ幻想辞典～,,,敵を引き寄せる力を持つ長弓だ。\n#～鑑定報告書：＜秘宝＞カテゴリ～,1,60000,404,207,1200,,2,15,7,5,,,108,,7,,,,500
206,10000,10003,未知なる鉱物を用いて作られた短剣。非常に軽く、そこから繰り出される素早い剣閃は、まるで棚引く紐を振り回しているようにも見えるという。\n#～イルヴァ幻想辞典～,,,雷の力を秘めた短剣だ。\n#～鑑定報告書：＜秘宝＞カテゴリ～,1,60000,400,206,600,,5,5,8,16,4,6,101,,8,,,,500
203,56000,56000,特定の魔法が封じ込められた杖。小さく赤い宝石が３つ取り付けられている。\n#～魔具全典～,,,振ることで自分、または隣接者のHPを回復する魔法の杖だ。\n#～鑑定報告書：＜魔道具＞カテゴリ～,1,2600,471,203,400,8 + rnd(8) - rnd(8),,,,,,,,,,,,,0
202,56000,56003,特定の魔法が封じ込められた杖。螺旋状の模様が彫り込まれている。\n#～魔具全典～,,,振ることで未探索の箇所を明らかにする魔法の杖だ。\n#～鑑定報告書：＜魔道具＞カテゴリ～,1,3250,471,202,400,9 + rnd(9) - rnd(9),,,,,,,,,,,,,0
176,56000,56004,特定の魔法が封じ込められた杖。不透明な赤い宝石が取り付けられている。\n#～魔具全典～,,,振ることで対象者を鈍足状態にする魔法の杖だ。\n#～鑑定報告書：＜魔道具＞カテゴリ～,1,1500,471,176,400,8 + rnd(8) - rnd(8),,,,,,,,,,,,,0
175,56000,56000,特定の魔法が封じ込められた杖。半透明の黄色い宝石が取り付けられている。\n#～魔具全典～,,,振ることで対象に電撃属性のボルトを放つ魔法の杖だ。\n#～鑑定報告書：＜魔道具＞カテゴリ～,1,1900,471,175,400,15 + rnd(15) - rnd(15),,,,,,,,,,,,,0
125,56000,56000,特定の魔法が封じ込められた杖。絡みあった蛇のような模様が彫り込まれている。\n#～魔具全典～,,,振ることで自分、または隣接者のＨＰを回復する魔法の杖だ。\n#～鑑定報告書：＜魔道具＞カテゴリ～,1,4800,471,125,400,4 + rnd(4) - rnd(4),,,,,,,,,,,,,0
123,56000,56000,特定の魔法が封じ込められた杖。半透明の赤い宝石が取り付けられている。\n#～魔具全典～,,,振ることで対象に火炎属性のボルトを放つ魔法の杖だ。\n#～鑑定報告書：＜魔道具＞カテゴリ～,1,1600,471,123,400,18 + rnd(18) - rnd(18),,,,,,,,,,,,,0
122,56000,56000,特定の魔法が封じ込められた杖。半透明の青い宝石が取り付けられている。\n#～魔具全典～,,,振ることで対象に冷気属性のボルトを放つ魔法の杖だ。\n#～鑑定報告書：＜魔道具＞カテゴリ～,1,1460,471,122,400,18 + rnd(18) - rnd(18),,,,,,,,,,,,,0
121,56000,56004,特定の魔法が封じ込められた杖。何かの骨から作られた球体が取り付けられている。\n#～魔具全典～,,,振ることで周辺に敵対的なモンスターを召喚する魔法の杖だ。\n#～鑑定報告書：＜魔道具＞カテゴリ～,1,700,471,121,400,8 + rnd(8) - rnd(8),,,,,,,,,,,,,0
120,56000,56000,特定の魔法が封じ込められた杖。半透明の白い宝石が取り付けられている。\n#～魔具全典～,,,振ることで対象に魔法属性の矢を放つ魔法の杖だ。\n#～鑑定報告書：＜魔道具＞カテゴリ～,1,800,471,120,400,16 + rnd(16) - rnd(16),,,,,,,,,,,,,0
119,56000,56000,特定の魔法が封じ込められた杖。球状の小さな赤い宝石が取り付けられている。\n#～魔具全典～,,,振ることで自分、または隣接者のＨＰを回復する魔法の杖だ。\n#～鑑定報告書：＜魔道具＞カテゴリ～,1,650,471,119,400,8 + rnd(8) - rnd(8),,,,,,,,,,,,,0
73,10000,10002,小高い丘にひっそりと刺さっていたという長剣。その黒い刀身は一体どれだけの敵を屠ってきたのだろうか。剣は黙して語らない。\n#～イルヴァ幻想辞典～,,,世界の終末を招くといわれる長剣だ。\n#～鑑定報告書：＜秘宝＞カテゴリ～,1,20000,405,73,4200,,2,18,3,4,-1,1,100,,20,,,,500
66,19000,19001,行動を阻害しないようにしつつ、下半身を守る為考案された防具。寒い季節になると軽い素材のこれを身につける婦人もいるようだ。\n#～明日から使えるあなたの為の武具集～,,,腰を守る為の防具だ。\n#～鑑定報告書：＜防具＞カテゴリ～,1,300,423,66,900,,,,,,3,3,,,1001,,,,0
65,20000,20001,鎧の上から羽織る薄い布生地。幾多の素材を織り込むことで布自体の強度を増している。\n#～明日から使えるあなたの為の武具集～,,,軽い外套だ。\n#～鑑定報告書：＜防具＞カテゴリ～,1,250,422,65,700,,,,,,4,3,,,1001,,,,0
64,10000,10002,邪を祓う為に更に強大な邪を用いる、という考えから生み出された黒の剣。これには兄弟ともいうべく剣が存在し、それぞれを両手に握れば世界ですら破壊し得る程の力を得るのだという。\n#～イルヴァ幻想辞典～,,,ストームブリンガーという兄弟剣が存在するといわれる長剣だ。\n#～鑑定報告書：＜秘宝＞カテゴリ～,1,60000,1135,64,4000,,3,13,5,8,-4,4,100,,20,,,,500
63,10000,10011,何重もの強化魔法が掛けられた大鎌。扱う者の魔力を強化し、自身を究極の存在に近しめるとされたが、長らく世から失われて久しい。\n#～イルヴァ幻想辞典～,,,相手のマナを吸い取る大鎌だ。\n#～鑑定報告書：＜秘宝＞カテゴリ～,1,50000,421,63,9000,,1,44,4,,,,107,,10,,,,500
62,25000,25020,銃から発射される為に加工された小さな玉。これが無ければどれ程高名な銃であろうと、ただの筒でしかない。\n#～明日から使えるあなたの為の武具集～,,,銃と共に装備する武器だ。\n#～鑑定報告書：＜武器＞カテゴリ～,1,150,420,62,2400,,2,2,1,4,,,110,,1000,,,,0
61,25000,25001,弓に用いる為の矢を束ねたもの。束ねているので素材によっては非常に重く、携行には注意が必要である。\n#～明日から使えるあなたの為の武具集～,,,弓と共に装備する武器だ。\n#～鑑定報告書：＜武器＞カテゴリ～,1,150,412,61,1200,,1,8,1,2,,,108,,1000,,,,0
60,24000,24020,重量感ある小型の銃器。誰にでも扱えるよう設計されているが、銃身の短さ故に射程はそれほど長くないだろう。\n#～明日から使えるあなたの為の武具集～,,,距離によって威力が減衰する銃器だ。\n#～鑑定報告書：＜武器＞カテゴリ～,1,500,419,60,800,,1,22,1,7,,,110,,1000,,,,0
59,14000,14003,騎士用に作られた格調高い盾。使う者に合わせ、趣向を凝らした彫金と飾りが付けられているが、単なる儀礼用ではなく、一定の防護も備わっている。\n#～明日から使えるあなたの為の武具集～,,,騎士用の盾だ。\n#～鑑定報告書：＜防具＞カテゴリ～,1,4800,411,59,2200,,,,,,-2,8,168,,1000,,,,0
58,24000,24001,射程を延ばす為に身の丈を越えるほどの大きさをもった弓。通常でも十分の射程があるが、角度をつけることで超長距離の射程から敵に一撃を加えることができるという。\n#～明日から使えるあなたの為の武具集～,,,中～遠距離に適した弓だ。\n#～鑑定報告書：＜武器＞カテゴリ～,1,500,404,58,1200,,2,7,8,4,,,108,,1000,,,,0
57,10000,10002,この世に切れぬ者など無いと謳われる一振りの奇跡。噂通りどんな物でも切り貫くが、話によると弾力性に富む灰色の食物だけは、切ることができないらしい。\n#～イルヴァ幻想辞典～,,,何でも貫くといわれる長剣だ。\n#～鑑定報告書：＜秘宝＞カテゴリ～,1,40000,501,57,1400,,7,7,,4,,,100,,25,,,,500
56,10000,10002,「悪魔」と言う名を冠した畏れ多き剣。その黒い刃は斬られた者の精神ばかりか、時の流れさえ乱すのだとされている。\n#～イルヴァ幻想辞典～,,「その武器の事は聞いている。災いを抱く黒き竜から生れし剣で、切り裂く刃は時間さえ断ち切るとか。それが真実かどうか知らないが、本当なら是非ともお目にかかりたいものだ。俺の力に値する武器かもしれんしな」\n#～ザナンの紅の英雄『ロイター』の言葉～,時を止める長剣だ。\n#～鑑定報告書：＜秘宝＞カテゴリ～,1,40000,405,56,2200,,4,8,8,2,-3,2,100,,9,,,,500
19,56000,56003,特定の魔法が封じ込められた杖。四角い透き通った緑色の宝石が取り付けられている。\n#～魔具全典～,,,振ることでランダムなテレポートを行う魔法の杖だ。\n#～鑑定報告書：＜魔道具＞カテゴリ～,1,840,471,19,400,12 + rnd(12) - rnd(12),,,,,,,,,,,,,0
18,56000,56003,特定の魔法が封じ込められた杖。全てを見透かすような透明な宝石が取り付けられている。\n#～魔具全典～,,,振ることで所持アイテムの鑑定を行う魔法の杖だ。\n#～鑑定報告書：＜魔道具＞カテゴリ～,1,1080,471,18,400,8 + rnd(8) - rnd(8),,,,,,,,,,,,,0
12,18000,18001,特殊な素材をかけ合わせてより強固な防護を得た靴。非常に硬く、歩くだけで心地よい音が辺りに響くと言う。\n#～明日から使えるあなたの為の武具集～,,,固い靴だ。\n#～鑑定報告書：＜防具＞カテゴリ～,1,2200,460,12,720,,,,,,1,5,,,1000,,,,0
11,18000,18001,沢山の素材片を張り付けた靴。当然通常より重くなっているが、その分防護は硬くなっている。\n#～明日から使えるあなたの為の武具集～,,,重い靴だ。\n#～鑑定報告書：＜防具＞カテゴリ～,1,480,418,11,950,,,,,,1,3,,,1000,,,,0
10,22000,22001,手首から先を守る為に作られた防具。手先の自由は少々奪われるが手を失うよりはましだろう。\n#～明日から使えるあなたの為の武具集～,,,分厚い篭手だ。\n#～鑑定報告書：＜防具＞カテゴリ～,1,400,450,10,1100,,,,1,2,2,4,,,1000,,,,0
9,22000,22003,様々な細工が散りばめられた上等な篭手。儀礼的な要素が強いが、それでも装飾によっていくらかの防護にはなる。\n#～明日から使えるあなたの為の武具集～,,,飾りのついた篭手だ。\n#～鑑定報告書：＜防具＞カテゴリ～,1,1400,449,9,700,,,,2,6,7,5,,,1001,,,,0
8,16000,16003,主に僧侶などが着用する、一枚の布に素材を編み込んだ防具。その製法故身を守るには適さないが、装着者の詠唱を妨害せず、身軽な行動を可能とさせている。\n#～明日から使えるあなたの為の武具集～,,,僧侶用の服だ。\n#～鑑定報告書：＜防具＞カテゴリ～,1,450,408,8,800,,,,,,11,3,,,1001,,,,0
7,16000,16001,武器の進化に合わせて開発された防具。重量はあるが急所に致命傷を与えない役目は十分に果たしている。\n#～明日から使えるあなたの為の武具集～,,,身を守る為に作られた戦闘用の防具だ。\n#～鑑定報告書：＜防具＞カテゴリ～,1,600,396,7,4500,,,,,,6,10,,,1000,,,,0
6,12000,12002,妖精達が身につけるという非常に軽い帽子。か弱き存在と自負する故か、その帽子には外界の変異から身を守る能力が備わっているという。\n#～明日から使えるあなたの為の武具集～,,,妖精向けの帽子だ。\n#～鑑定報告書：＜防具＞カテゴリ～,1,7200,478,6,400,,,,,,7,5,,,1001,,,,0
5,12000,12002,魔道士が身につけていそうな三角形の帽子。特に得られる効果はないが、被ることで何となく賢くなった気分にはさせてくれる。\n#～明日から使えるあなたの為の武具集～,,,魔法使いのための帽子だ。\n#～鑑定報告書：＜防具＞カテゴリ～,1,1400,477,5,600,,,,,,6,4,,,1001,,,,0
4,10000,10004,殴打する為に作られた簡素な武器。作成方法も使い方も非常にシンプルな為、冒険者にも愛用者が多いという。\n#～明日から使えるあなたの為の武具集～,,,素材を削り出して作られた棒だ。\n#～鑑定報告書：＜武器＞カテゴリ～,1,500,427,4,1000,,3,4,7,4,,,103,,1000,,,,0
3,10000,10009,片手で扱えるよう軽く作られている斧。武器というより薪を割る等日常的な側面が色濃く残る作りをしているが、その軽さを生かし棍棒の様に使える万能さも持っている。\n#～明日から使えるあなたの為の武具集～,,,小型の斧だ。\n#～鑑定報告書：＜武器＞カテゴリ～,1,500,499,3,900,,2,9,5,4,,,102,,1000,,,,0
2,10000,10003,古代の氏族が発端の、片手でも簡単に扱えるよう短く軽い小剣。そのシンプルな形状は現在でも変わることなく存り続けている。\n#～明日から使えるあなたの為の武具集～,,,小型の剣だ。\n#～鑑定報告書：＜武器＞カテゴリ～,1,500,400,2,600,,2,5,4,9,4,,101,,1000,,,,0
1,10000,10002,長い刀身を携えた、斬ることを広く目的とした剣。その多種多様さは今も尚進化を続けているという。\n#～明日から使えるあなたの為の武具集～,,,細い刀身の剣だ。\n#～鑑定報告書：＜武器＞カテゴリ～,1,500,405,1,1500,,2,8,4,5,,,100,,1000,,,,0